0.251828,4.013657,8.728196
0.149118,3.982588,8.668323
0.264971,4.226912,8.795645
0.615085,4.467171,8.672488
0.180088,4.833705,8.334530
0.078000,4.924324,8.257677
-0.114771,5.123485,7.876885
-0.170912,5.304000,7.819501
-0.724941,5.470323,7.857352
-1.519853,5.674500,8.047766
-2.531657,6.291257,8.239029
-3.531794,6.675882,11.148266
-1.560000,6.468265,8.255381
-2.131629,2.942829,7.922572
-1.393676,1.752706,9.698383
-0.987618,1.530177,10.527703
1.511824,1.741235,10.244380
3.333943,0.999514,9.074742
1.974088,0.786882,8.210647
0.009176,0.860294,8.848413
0.498086,0.366600,8.963313
0.244324,1.010559,10.029883
0.192706,0.966971,12.190941
1.228500,0.487500,12.225356
0.964972,0.187200,11.424770
-0.270706,-0.839647,9.255616
1.000235,1.187206,11.232000
0.112543,0.888085,13.326853
-0.047029,3.242735,13.841558
1.557706,4.775205,12.047561
1.655206,3.087882,9.559588
0.327600,1.393971,6.213258
-0.378529,-0.677912,5.056235
0.891265,0.597618,5.548323
-1.077088,-0.143382,1.668970
-3.777429,2.397943,15.636767
0.501265,0.409500,10.887885
3.988324,6.245735,17.514441
2.829171,2.868172,14.669570
0.268412,1.921323,12.692206
0.676765,1.359265,5.219117
-0.542559,-2.569411,1.475118
-0.100286,-1.782857,2.851457
-2.282646,-2.335412,15.711263
-5.543735,1.804323,20.247883
-1.910999,5.466687,17.546659
0.144529,6.112678,11.580706
1.931646,3.297794,3.085587
-0.433588,0.071118,-1.393677
-2.169514,-1.844143,1.029600
-4.444853,6.855971,16.105852
1.695353,-2.260853,7.350353
0.997286,0.529286,14.762059
0.820147,3.248471,16.366240
1.865118,1.693059,12.085411
-0.112543,2.782371,6.458399
0.661853,-0.609088,1.293882
0.059647,-4.244117,3.621265
-2.320500,-0.361324,11.085176
-4.967486,0.617314,21.579254
-0.978440,5.135383,18.368999
5.375119,10.258150,16.288235
0.625114,8.419543,8.478599
-2.115176,2.983500,1.319118
-2.415706,-1.114941,-2.950235
0.693086,1.024029,3.056486
-2.017676,1.445294,11.371941
2.820619,-0.508147,14.542413
1.365000,0.436800,13.285628
0.874059,-0.762794,13.190032
3.891971,0.511588,16.268740
4.677771,2.869285,10.404084
0.526500,0.665294,5.988795
0.750176,-2.276911,3.238147
-1.538828,-0.980571,3.001886
-3.359735,-1.915588,19.162766
-3.990619,5.434765,19.482796
4.437086,12.357431,16.697571
2.229882,9.290031,8.289794
-1.707971,4.498765,3.280589
-2.165057,-1.235743,-1.436314
-3.167029,-1.327147,1.756147
-4.361118,-0.869470,7.227619
1.468629,0.970543,12.511201
6.304236,2.905500,11.555470
4.097294,4.439118,14.553881
0.515914,3.814200,13.025997
-0.435882,4.676560,14.037706
0.282177,3.972266,8.133796
2.832515,-3.475458,2.734458
1.872000,-2.703618,4.931206
-3.744000,-0.726088,16.845707
-0.855772,3.221400,18.619717
1.493471,8.130352,16.914532
1.053000,4.108764,8.013352
-0.596143,-1.092000,-0.084686
-3.918353,-1.772206,-3.201441
-4.622647,1.495765,11.569237
3.492171,0.576086,10.027453
-0.914205,1.682735,9.736237
-0.680206,4.940383,16.041616
4.457143,1.537714,17.185629
-0.754765,2.271177,8.862174
0.283324,-2.023412,4.405852
2.833235,-2.259708,1.564588
-2.848115,-1.120971,6.255599
-4.556118,-0.162882,20.520882
-5.399830,5.321829,21.579254
3.883942,10.886736,14.917501
1.933941,6.137913,5.495560
-0.837353,-0.053912,-1.490030
-3.926744,-3.163457,-1.002857
-2.089941,2.904353,12.007410
-1.147059,-0.119294,7.332000
3.840942,2.384572,13.224342
2.303294,4.509089,15.473826
1.457912,2.239059,18.436678
1.248000,2.494886,10.841998
-0.256941,-1.069059,1.920177
2.856176,-2.875676,1.884618
-2.872628,-1.923257,6.141943
-5.919971,0.244324,20.321289
1.047265,6.736676,22.322903
4.942971,8.655771,11.109423
-0.183529,4.748824,1.932794
-1.246853,-0.845383,-4.096147
-2.802429,-1.856401,2.998543
-3.308118,1.315676,9.485028
-0.518470,1.159677,18.112055
4.672200,1.904314,10.571229
0.028677,3.785294,18.755552
1.533618,2.512058,11.685088
0.186086,0.915943,4.685571
0.361323,-0.312000,2.009647
1.849059,-2.086499,0.468000
-3.969086,-3.038658,16.618460
-8.417119,2.265441,22.503002
0.256941,6.449912,17.784004
2.724429,7.087973,12.293916
-0.691677,4.273941,3.242735
-0.502412,-0.580412,-4.065176
-2.160600,-3.378514,-1.568913
-3.440029,5.782322,15.321264
-1.823824,-1.161970,15.895944
1.167772,0.402258,14.550344
-2.103707,2.910088,19.516056
3.156706,0.615971,10.715821
1.779514,2.286514,6.619971
2.170236,-1.008265,3.694676
0.697412,-1.490030,3.004148
-1.184486,0.787800,8.975571
-2.245941,-0.010323,19.132938
0.217941,5.265000,18.990707
2.287629,6.568715,12.514542
-0.666441,3.609793,5.718086
-1.898382,1.549677,-1.578353
-0.247371,-1.099800,-2.043600
-3.262236,7.001647,23.186651
0.383118,-3.922940,5.606822
-0.305314,0.433457,20.124002
3.708441,-0.348706,12.825264
0.993353,0.008029,13.621322
1.529914,0.803400,7.678541
2.553354,-2.227589,3.620117
1.446441,-0.793765,2.785059
-3.345086,0.273000,12.095572
1.819235,6.477443,17.391706
6.640324,10.469207,17.660116
3.852087,10.622485,7.930370
-0.128471,7.016560,4.304912
-2.219558,1.186059,1.604735
-3.976886,-0.434571,1.918800
-4.452882,-0.334941,3.819707
2.065853,0.283323,14.649090
4.932944,1.903200,8.596716
4.749971,4.442559,15.476119
1.257176,3.022501,16.476351
0.397800,1.654714,15.712545
1.405147,1.962618,6.054177
1.493471,-2.334265,1.850206
-0.737657,-2.247514,3.047572
-4.914002,-2.669206,16.402941
-2.509764,2.555647,18.747532
3.346200,10.310486,19.372976
1.869706,6.753883,8.383854
0.892412,2.585471,0.197294
-2.161714,-2.211857,-3.055371
-4.616912,-1.852500,5.762823
-4.456324,1.295030,10.024153
1.489800,0.650743,12.886717
4.517117,2.693295,10.925735
2.583176,4.238383,18.880590
1.685914,2.919429,13.182002
0.339529,-0.487500,5.746763
-0.540265,-3.261088,1.975236
-0.432343,-1.588972,2.405743
-5.281057,-2.154177,19.779884
-4.475826,3.748589,19.867060
4.784383,9.431120,16.722975
0.230657,5.735229,5.960314
0.511588,-0.430147,-0.840794
-3.640838,-2.234323,-1.391419
-5.320714,0.824572,11.873829
1.241118,0.836206,6.061059
4.224618,1.683882,15.842025
0.177794,4.541206,15.263910
1.996800,3.277114,16.216200
0.853412,1.666677,6.839912
-1.242265,-0.654971,2.645118
2.672058,-2.940600,1.876457
-2.033735,-2.478794,12.351530
-8.428590,1.408588,20.544966
-2.493771,3.964628,19.023081
4.690323,6.954618,13.394207
0.159441,4.201676,2.985794
-1.853057,-0.761057,-6.524144
-2.349177,-3.913764,3.203736
-0.914206,6.624265,18.163679
-0.139286,-3.025286,7.566000
0.269559,1.569177,15.964765
2.435206,2.369824,16.936321
3.368486,2.746714,9.831344
-2.025706,1.434971,4.565294
0.439324,-3.212912,2.702471
-0.384429,-2.005715,4.306715
-7.088824,-0.894706,23.130436
-5.084911,2.973176,22.412384
3.084343,8.019515,13.615454
2.317059,3.811678,5.710058
-1.798588,0.925677,-3.020206
-2.441400,-2.467028,-4.447115
-4.353088,3.286324,13.772736
1.823824,-0.986471,11.942034
0.334286,-1.817400,17.015144
0.367059,3.664853,16.285936
5.432470,1.928206,11.986766
-0.726514,2.898257,9.296487
0.482912,-3.413648,4.167264
1.261765,-4.030766,0.908470
-2.913857,0.450171,11.414743
-4.763735,5.307441,20.400442
4.181029,10.645855,18.338026
4.203085,7.963799,10.795202
-0.617118,4.136295,2.275765
-4.223472,-0.712324,-2.283794
-1.884258,-1.237972,3.778543
-0.911912,0.853412,10.183588
2.352618,0.556323,12.739236
3.660429,3.307200,12.133460
2.222999,2.713941,15.535763
1.421206,2.067000,15.691769
1.656942,1.695943,7.717542
-0.531088,-1.847912,3.604059
1.159676,-2.178265,1.180323
-4.691143,-0.690857,13.215428
-3.678618,1.695353,19.540148
-1.211294,6.659824,20.017323
2.072736,6.901854,11.245767
0.221743,3.113315,3.251486
-1.363853,-0.387706,-4.544648
-3.240441,-4.534323,1.994735
-4.500601,6.165342,17.585655
2.734588,-0.858000,3.357441
2.598088,1.594412,17.686501
0.705343,4.074944,15.087430
1.833000,2.306734,13.310471
-0.442765,1.355824,8.006472
-1.132114,-2.571772,2.524971
1.808912,-2.343441,3.757765
-3.253059,-0.572382,17.535095
-5.959199,5.134628,17.909914
2.408823,6.751587,13.125796
2.124352,5.154882,8.038587
-0.424543,2.220772,1.777285
-2.240206,-0.535676,-2.967441
-1.755000,-1.078235,4.872706
-4.208656,3.520028,23.728722
-0.361323,-0.238588,4.465500
-0.089471,3.156706,21.748234
3.062057,-0.081343,13.216546
0.051618,1.405147,10.150325
1.190647,0.468000,4.475823
2.392372,-2.648658,1.792886
0.464559,-1.345500,5.125059
-0.219088,4.021588,18.095999
-3.094372,7.142572,20.595343
3.255353,9.615793,14.982881
1.147059,7.016560,9.197113
-1.575600,3.746228,3.447600
-3.123441,-0.578118,-0.876353
-0.768529,0.091765,0.539118
-1.692600,0.078000,12.728486
4.173000,0.180088,11.753911
2.382441,2.381294,14.986320
1.679228,1.292571,14.403259
1.266353,2.018824,16.110441
3.238147,2.426029,9.646766
0.006686,-1.967829,3.986915
1.043824,-1.486589,2.399647
-4.116794,-0.588441,13.880559
-1.035171,3.630343,18.635313
2.158839,11.932740,17.090803
2.036029,6.264088,7.221882
0.985323,2.184000,0.650382
-2.244794,-1.110353,-2.184000
-4.223142,-0.646286,6.261172
-2.091088,0.657265,8.858732
3.779558,0.760500,14.612382
1.312629,4.768029,12.529030
1.518706,5.641236,16.549763
0.423265,2.606118,14.080147
0.756600,2.531657,6.896314
-0.061941,-3.389559,1.276677
2.053235,-0.874059,1.140176
-4.081630,-2.943943,11.112771
-3.904588,0.887824,18.954004
-0.105529,3.637324,20.797323
-0.433457,9.083657,15.578830
1.365000,4.030765,3.554736
-1.072500,-0.141088,-0.711177
-3.528944,-0.518143,1.487571
-3.443471,1.369588,5.815589
1.690765,0.675618,14.401320
2.395714,1.704857,9.778974
2.637088,3.526060,18.226763
1.348941,2.817177,14.022790
-0.329829,-0.063514,5.974800
-0.794912,-3.195706,2.710500
-0.295941,-1.502647,2.682971
-4.350172,-1.359429,18.824743
-6.206735,4.111058,20.361437
3.987177,11.838796,17.319443
3.260399,7.591629,6.136374
0.168618,1.790558,-0.431294
-3.201441,-3.261087,-2.617589
-5.043258,1.181143,13.130742
-1.135588,-0.260382,5.421000
2.773588,1.740089,12.384792
3.434228,5.098972,13.453884
2.280352,2.273470,17.756470
0.505853,2.106000,12.294177
-0.312000,-0.344314,4.351286
0.864882,-1.440705,1.554265
-0.457676,-2.989236,5.427883
-5.915743,1.563343,19.111116
-0.679059,3.461824,22.299971
1.925912,8.423999,13.575440
0.339857,5.211515,3.683829
0.438176,-1.849059,-2.603823
-3.327617,-2.062412,-1.722883
-2.638629,5.064429,12.447689
-3.248472,-1.943117,11.469438
3.799058,1.137883,10.515088
1.285886,3.652629,18.013546
3.054618,1.384500,15.254734
-1.698794,2.598089,8.419411
-0.599912,-1.884617,2.232177
1.669200,-1.713771,1.587857
-2.994970,-1.238823,11.201028
-6.252618,0.586147,22.364208
-4.201973,2.929457,19.442062
0.063088,7.957146,13.222148
-0.075706,5.383149,5.500147
-0.576086,2.169515,-1.995686
0.821294,-4.103030,-4.309501
-1.460206,4.413883,11.855999
-6.474000,1.159972,17.145514
1.877736,0.919941,10.505909
-0.938294,2.078470,18.492878
3.164572,0.600600,13.881768
2.266589,1.226206,10.158353
0.729529,1.305353,5.643528
1.346057,-2.108228,3.457628
-1.407441,-1.557706,4.763736
-5.430176,-0.236294,20.922356
-0.883629,1.313743,19.283831
2.096823,5.399206,13.066147
0.001147,4.561852,5.591913
-1.128771,2.287629,-0.976114
-0.283324,-1.192941,-1.285853
-1.530177,2.827500,9.115678
0.919286,-1.957799,18.469286
-1.075941,0.326912,10.472647
1.954588,0.161735,19.107706
3.572400,-1.714886,14.928083
2.357206,0.882088,12.611907
2.235618,1.348941,7.450146
0.627343,0.473571,4.505059
1.210147,-0.356735,2.524676
-2.679529,0.043588,11.203324
-1.059686,1.787314,17.131029
1.148206,9.474708,19.892290
2.801118,7.787382,9.479293
1.148828,4.327885,3.362915
-2.905500,0.698559,0.767382
-4.614618,1.351235,0.097500
-2.293200,-1.678115,6.309086
1.948853,2.751795,16.156326
2.696734,1.677000,9.025060
3.154542,4.118401,16.475826
0.466853,2.138117,17.286179
0.736125,3.413718,11.553754
1.360543,-0.128143,4.463827
0.773118,-2.032588,1.538206
-2.585471,-0.120441,4.070912
-1.982314,-3.523371,17.161119
-3.482471,5.763971,18.315092
2.131235,11.139091,17.725500
1.693714,5.746370,7.313058
-0.699706,2.458147,0.710029
-3.513441,-2.003912,-0.576971
-2.678383,0.376235,6.846793
-2.453657,-0.092486,8.675829
-0.270706,1.997030,14.396736
1.831853,3.748588,10.656178
4.922914,3.699429,16.637405
0.484059,2.284941,12.631414
0.027529,1.432677,6.353560
0.021172,-3.042000,2.458114
1.088559,-1.701088,2.174824
-5.168647,-0.604500,20.438293
-3.225858,3.325028,17.996828
1.422353,9.885354,17.593588
0.110118,7.190913,7.041794
1.563342,1.775058,0.666343
-1.749265,-2.709352,-0.833911
-5.248942,-0.099794,9.590556
-1.830772,1.960029,7.186027
1.074794,1.488883,10.804146
1.617353,3.756619,13.750942
2.189571,3.438685,18.598541
0.300529,3.134912,13.227883
-0.060794,0.640059,5.276470
1.059882,-1.904117,1.852500
0.704229,-2.197372,3.336171
-5.017235,-1.296177,18.149914
-4.896794,2.329677,21.518829
1.558886,9.468084,15.377145
1.378765,4.767177,6.999354
-1.418912,0.048177,-1.102324
-2.755629,-2.221886,-4.886141
-2.664618,1.971794,13.113176
-0.180088,2.229882,9.456356
2.703257,0.262972,16.415653
-2.811442,3.389559,16.836531
2.286088,1.889206,12.100322
-0.615086,2.217428,4.107257
-0.401471,-1.612764,2.040618
2.827500,-4.563003,4.611177
-6.741427,1.300371,19.742910
-4.893351,3.669442,22.767969
2.966294,9.164999,12.595854
-0.427886,4.949656,5.657228
-1.880029,1.218177,-3.476735
-1.994735,-4.769469,-0.326912
-1.373914,3.896657,7.015544
1.205559,-3.485913,23.487171
-1.088559,3.745147,5.682528
2.945058,2.580687,22.035004
2.064705,2.574001,13.259997
0.146824,-0.766235,8.278325
-0.201686,-2.930572,4.474971
-2.555647,-2.476500,2.244794
-2.229882,1.326000,11.355882
3.494401,7.425598,19.594719
4.041088,14.201735,13.828941
2.618736,11.700003,6.047294
1.266943,5.682857,4.142915
-3.274853,-0.364765,2.499441
-4.608882,-0.316588,3.849530
-4.837114,-0.700885,2.792400
2.370970,0.698559,16.813585
5.190442,1.566882,9.329029
3.493286,5.423228,14.933655
0.852265,2.552206,19.274033
-0.440471,2.232176,10.295998
-0.441618,-1.215883,3.145236
1.808486,-1.372800,0.322029
-3.194559,-3.518030,9.039970
-7.276942,-0.431294,23.067358
-3.299402,7.794427,21.642771
4.479264,8.808266,9.844059
0.669882,4.387500,1.265206
0.496971,-2.448086,-5.281714
-5.365942,-0.809824,3.362029
-2.856176,3.282883,12.477704
-3.906686,2.379000,11.935113
4.086969,-1.046117,12.272383
-1.710265,4.620353,15.243264
2.840314,3.114429,14.994943
-0.114706,2.888294,8.994087
-1.296176,0.634323,3.389559
1.700400,-3.593572,1.918800
-1.395970,-1.625383,5.081470
-9.075530,0.251205,22.133650
-6.899657,3.874371,22.095169
1.066765,7.423765,14.580269
0.481765,5.606824,6.484323
0.236229,2.263113,-1.030714
-0.013765,-3.813970,-0.987617
-0.707735,2.935323,8.105120
-8.193773,-1.283226,16.018936
7.343471,-0.465706,8.232443
-0.522600,1.577829,19.952398
1.499206,-0.352147,15.009264
1.763030,0.858000,14.048028
0.617314,-0.219514,6.777087
1.002530,-1.188353,3.313853
0.541412,-0.788029,2.758677
-1.831886,0.340971,12.764144
-3.340235,5.263853,18.698202
1.765324,11.470589,19.018232
2.351144,10.922228,9.580628
-0.984177,6.237707,4.778648
-4.220030,0.796059,0.496676
-3.136715,-0.312000,-0.921514
-1.523294,-4.038794,1.812353
0.690529,4.117942,21.795265
5.601514,1.112057,9.365572
2.102559,3.550146,15.746820
-2.087647,2.041764,16.499294
0.795600,2.044714,9.922715
1.445294,-2.200059,2.711647
1.512970,-3.694676,2.407677
-6.372599,1.965600,13.508488
-2.435205,4.228059,20.035669
6.657528,8.544443,16.490126
-0.030086,4.407000,5.556943
-0.685941,-0.767382,-2.643971
-3.250764,-1.632264,-1.069059
-3.652234,3.934411,12.996175
0.766628,-2.712172,7.948199
0.497823,1.270941,14.534388
-1.057588,5.282207,17.597029
2.712171,2.418000,15.869658
0.535676,2.294117,6.972970
0.713471,-2.642823,3.316146
-0.283029,-1.750543,1.687029
-4.035353,-2.173676,8.034000
-6.437295,2.340000,21.509647
-3.055372,7.136999,22.443939
3.170471,7.997295,9.429969
-0.036706,3.536382,2.034883
-1.864200,-1.943314,-4.944085
-4.112206,-1.795147,4.761441
-0.916500,2.009647,6.694234
-0.794486,0.607286,18.935059
0.308559,2.546470,10.975059
1.921324,2.479942,18.550232
-0.749914,3.115543,13.478397
0.945176,0.369353,4.997735
2.255117,-2.884853,2.103706
-0.468000,-3.348430,5.515714
-8.893148,0.993353,21.513086
-3.843795,6.376499,20.860416
4.921800,12.610375,13.132975
1.629971,6.702265,3.108529
1.515264,-2.022264,-4.213147
-6.365028,-4.108765,-1.134441
-4.937399,5.066658,16.459116
-0.624000,-1.990148,2.744912
5.276469,1.367294,16.733295
0.184971,5.324056,15.096343
1.001382,3.181941,16.819323
-0.783441,1.677000,7.431794
-0.221743,-0.547114,1.732714
1.476265,-1.849059,1.564588
-3.968823,-2.531559,11.499264
-8.069656,1.172229,22.098520
-2.645118,3.539824,19.755796
3.730236,7.607295,9.456350
0.640714,3.328372,1.126543
-0.829323,-0.976147,-7.132411
-4.749970,-3.413648,5.860324
-4.162974,5.681740,18.791311
0.414088,-1.441853,5.195030
-0.843088,3.779559,19.354324
2.273143,3.021943,13.635516
0.541412,1.844470,10.289122
-1.237677,0.502412,5.042470
-0.017828,-3.101057,1.875343
-0.979588,-0.880941,3.109676
-3.877058,-0.566647,22.648674
-7.861942,3.022501,20.643614
2.373429,6.422742,15.305830
1.730912,5.867207,7.767882
-0.572382,2.780470,0.571235
-1.129886,-0.628457,-1.410686
-0.691676,1.280118,5.097530
-4.069764,2.989234,19.147852
-0.152657,-0.215057,7.169314
-1.026618,1.285853,18.472235
2.484529,0.640059,13.906944
1.470857,1.412914,11.283256
0.391147,1.395970,5.758236
0.067677,-1.416618,2.409971
1.673657,-2.877087,3.463200
-2.603823,-0.437029,15.858089
-4.053706,1.460206,20.442883
0.515914,5.121257,18.548401
1.014000,5.479502,14.007881
1.212545,4.408183,6.468091
-0.001147,1.180324,1.465941
-1.080529,1.017441,-1.308794
-1.508382,-1.161971,1.656353
-3.140058,0.329828,20.594229
6.033531,-1.470529,10.907380
2.076176,1.985559,15.098737
1.415142,1.974514,15.561000
1.017441,2.681824,12.148500
-0.028676,0.762794,7.637118
-0.028676,-1.579499,2.975471
-0.415629,-0.806743,1.662514
-4.280823,0.354441,18.126968
0.363617,6.884648,16.639236
2.377886,11.224199,15.305830
1.231941,6.098911,7.407706
-1.010559,0.789176,0.278735
-4.033716,0.347657,-0.337629
-2.512058,-1.050706,6.204442
-2.963999,2.162206,12.060175
2.397943,0.606172,12.040970
-0.282176,5.601088,14.518321
2.041765,3.393000,16.783768
1.380600,2.695457,10.346140
-0.510441,-1.113794,5.047059
1.576059,-2.578588,1.737795
-1.549971,-2.640858,3.974657
-6.188383,1.674706,22.914793
-4.302618,5.548324,20.011587
2.836676,9.261354,11.327206
-0.736543,3.935658,3.703885
-1.991295,-1.139030,-2.525824
-3.805941,-2.447823,2.677236
-3.850972,2.492657,10.113256
1.453324,1.258323,10.248971
2.003912,1.923618,14.243032
0.151543,3.984684,19.405283
1.929353,2.643971,13.857619
-0.065382,0.150265,5.004617
0.494743,-1.724914,3.145629
-0.279882,-3.524911,1.829558
-5.448530,-0.170912,17.586704
-5.518499,4.175294,20.967093
1.634657,9.463631,15.834002
0.776559,6.055323,6.955766
-0.466853,0.810971,-1.526735
-2.810229,-2.907171,-3.140058
-4.119088,1.451030,13.171678
-1.144765,1.352383,7.086527
2.921657,0.583886,15.133120
-0.622853,3.519177,14.772972
2.399647,3.103942,16.771152
-0.582771,0.925971,6.223285
-1.228500,-1.433823,2.816030
0.916500,-2.135824,3.277148
-4.145144,-2.550601,16.552713
-8.832354,2.416853,21.922585
-0.794911,6.430411,15.598850
2.187343,6.321344,9.585085
-0.729530,2.512059,0.501265
-1.716000,-3.466411,-6.203295
-2.489314,1.190057,8.227886
-0.502412,3.129178,15.377472
-0.065382,-1.915589,10.231767
-3.011914,2.776800,15.903087
4.886470,1.639147,16.573851
1.992441,1.954588,9.450617
-2.764543,1.184486,5.577000
0.892412,-2.856177,2.696736
-1.503794,-1.883470,2.970882
-4.663942,-1.884618,19.781029
-7.457914,2.282058,21.669516
0.472588,8.567384,13.563968
-0.352147,6.269825,7.520119
0.574972,1.849714,1.080857
-1.012853,-2.772440,-3.646500
-4.496471,-1.278971,4.957587
-0.483600,-1.485343,20.862778
4.325559,3.124589,8.320763
1.541647,2.824060,18.032917
0.966086,0.807857,16.440172
0.446206,3.327618,11.860589
2.245941,-0.629735,5.185853
0.977229,-1.593429,1.438543
-2.431765,-0.642353,4.462059
-5.162910,0.133059,19.134087
-1.001383,6.569205,21.528000
2.831401,9.792343,14.916942
-0.208765,5.421000,5.347587
-1.002529,-0.825882,-1.771059
-2.794629,-1.475314,-2.374543
-1.124118,2.716235,9.046850
-0.950912,-0.915353,12.653207
2.605201,0.176057,11.825912
-2.961705,3.897706,16.583029
1.917882,1.635706,15.565591
1.144371,2.545028,7.412228
-0.816706,-0.618265,4.479265
0.346412,-2.632500,1.523294
-2.343343,-2.060315,13.754742
-10.853144,3.113035,19.877468
-1.806617,5.049353,18.759005
2.509764,6.686206,9.308382
-0.520371,2.158372,0.006686
-1.449882,-0.617118,-5.624029
-3.579970,-0.972706,6.886941
1.095343,2.605201,15.732603
0.682500,-1.050706,12.543089
-1.129853,4.930060,14.859001
2.896029,2.464800,11.813655
-1.289294,1.086265,6.704560
-2.315912,-2.727706,3.304677
-0.385543,-3.391886,3.282686
-3.559323,-1.858235,19.096237
-10.855765,4.585941,18.424061
1.714885,7.276285,15.407228
1.110353,6.546265,8.723381
-0.369353,2.391618,1.923617
-1.816286,-0.397800,-3.593572
-2.239058,-1.980970,5.041324
-2.660029,2.787353,21.882446
-0.330353,1.019735,6.250323
0.792257,1.116514,18.592974
1.464795,-0.931412,14.294648
1.663236,1.847911,10.018412
1.117235,-0.770824,6.884647
0.173829,-2.821372,2.609657
-3.622412,-0.911912,11.571529
-5.500146,3.991765,17.742702
-1.371686,10.011860,19.618116
-0.347559,8.702736,9.619238
-0.714618,3.379236,3.043148
-1.048543,-1.230172,-2.385686
-2.510912,-1.002530,-1.131000
-3.552441,1.997029,11.297385
4.554087,0.780000,15.237859
2.505177,4.203971,14.834909
-0.034412,2.686412,16.211382
1.487571,1.895400,13.866174
0.321177,0.207618,5.770854
0.926824,-1.671264,1.589823
1.168853,-2.268883,3.695823
-4.786972,2.900486,17.363918
-4.872707,4.606588,22.338966
2.036029,7.957146,12.451322
0.336514,1.834114,4.165200
-0.945176,-0.332647,-2.618735
-2.888294,-1.150500,2.041765
-3.057601,2.605201,11.177396
3.149824,0.451941,11.047322
-2.234471,1.727471,13.463028
3.206915,4.821517,18.502716
1.299618,1.898383,11.553176
-0.414088,0.098647,5.867205
-1.279200,-2.511600,3.223628
0.562545,-2.427454,3.276000
-3.822001,-1.005970,18.464203
-7.703058,4.807027,20.676683
2.237912,7.906676,15.681441
0.150265,6.174619,4.985119
0.109200,0.201685,-3.097714
-2.670353,-2.608412,-1.075941
-2.630206,5.103265,11.564643
-1.315972,-3.510000,8.949943
1.031205,2.178265,14.450645
-1.095441,2.362941,17.928532
1.523229,1.493143,16.357716
1.059882,3.085589,7.946823
0.643500,-2.214970,3.662559
2.070343,-2.896029,2.326628
-5.387735,-0.580412,12.403147
-6.563470,3.873618,20.750298
3.052029,9.890401,19.359606
2.143817,8.288088,7.980820
-0.659559,3.565060,1.072500
-1.075286,-2.211857,-3.741771
-5.122766,-2.498295,4.198236
-2.510911,3.249617,14.145533
2.568429,0.488057,10.012972
2.389323,3.741706,13.201500
0.824735,4.025030,17.716320
0.581559,2.130088,12.142765
-0.111429,0.485829,6.062828
0.120441,-2.782765,1.902971
-0.034412,-1.345500,2.436353
-6.147514,-1.395086,19.085485
-4.465501,4.318676,18.529587
1.124118,7.965178,15.807621
0.197229,6.523027,6.324686
-0.488647,1.142471,0.267265
-1.838735,-0.973853,-3.348265
-3.423086,0.051257,9.112629
-0.587293,2.341147,13.475644
0.806383,-0.036706,10.510502
-0.823588,4.713265,16.812445
3.658200,2.618572,14.125799
0.464559,2.232177,9.409325
-3.061501,-0.206471,4.506794
0.628457,-2.988515,1.896514
-1.593265,-0.976147,4.290000
-2.520207,-0.691241,24.134274
-8.429735,3.286322,21.830822
2.425800,6.999944,14.008799
-0.524206,5.006912,6.413204
-0.609088,2.413412,0.417529
-0.511457,-1.479772,-1.902086
-0.852264,1.574912,5.768559
-5.711206,1.766471,20.733084
1.527883,1.211294,6.772235
0.236229,2.663143,17.025173
2.600383,0.064235,13.201501
0.360176,0.712324,12.314823
1.116088,2.048647,7.424913
1.332686,-0.359914,3.858772
2.693294,-1.295029,2.970883
-2.545324,-0.918794,13.794531
-5.445516,1.981200,18.075943
1.586383,4.026176,18.542213
0.877500,7.357235,14.230415
-0.451286,3.553458,6.099601
-3.475588,1.894941,-0.219088
0.583853,-0.892412,1.424647
0.981686,-1.152171,2.920544
-6.585266,1.858235,19.916378
3.520324,0.160588,10.329265
1.202314,1.346057,18.657593
3.419382,-0.161735,16.768852
3.206030,2.536148,12.468529
2.257543,1.973400,8.136512
0.326912,0.047029,4.193648
0.926824,-1.657500,1.296176
-3.086736,-0.195000,10.114764
-1.801800,2.142771,19.971344
0.905029,8.972292,18.633976
0.923383,9.104208,10.755972
0.416743,3.903343,2.786828
-2.896323,0.057353,-1.789412
-2.928442,0.699706,1.090853
-2.464800,-0.983914,9.159430
-2.264294,3.467558,11.008324
2.262000,-0.658412,12.749562
2.568429,5.432143,15.577715
-0.081441,3.087882,17.913622
0.439324,3.080999,10.533443
1.102029,-2.318828,3.154542
1.737794,-1.383353,1.756147
-2.997265,-3.040854,4.723589
-6.803830,0.933772,22.628914
-3.912618,5.520794,20.924646
3.011030,9.964499,10.842001
0.104743,3.847628,3.609172
-0.956647,-1.524441,-3.865589
-4.944971,-0.339529,2.934176
-3.418999,0.598001,8.132086
-0.658543,2.332200,14.241684
2.697883,1.855941,10.731880
0.885530,3.800206,16.841118
1.486588,2.720823,16.025558
-0.108086,1.677000,7.520312
0.454235,-1.638000,1.718294
0.591882,-3.351706,3.267970
-6.635574,0.255172,18.857058
-5.323499,3.526058,21.523407
1.941971,9.474707,13.232469
0.953829,5.727430,4.209770
0.446206,-1.470529,-3.269117
-3.040854,-1.757294,-0.591882
-9.763371,6.410486,21.398745
3.082147,-4.088117,-1.858237
1.822676,2.166794,19.379564
0.249600,4.520657,16.522627
1.184912,2.682971,12.735797
-0.605647,0.420971,6.440735
-0.127029,-1.253571,2.145000
0.995647,-2.143852,2.583177
-5.417560,-1.736647,19.652563
-6.154200,4.074943,21.109030
0.741000,6.699971,13.157910
0.464559,4.869265,5.188148
-0.578314,-0.355457,-1.573372
-2.204647,-3.023647,-2.482235
-6.789440,9.800473,20.821409
5.005373,-4.696715,1.196743
-0.089471,2.400794,19.526382
1.476265,5.767411,14.975999
1.522146,3.678617,11.103529
-2.604087,0.162686,4.926257
-2.399647,-2.898618,2.259706
-0.863735,-1.340912,3.047735
-2.945058,-2.377886,20.118433
-9.197117,5.910794,18.812912
-0.415235,7.446705,13.385033
0.164914,5.858912,7.393284
-0.219088,3.122293,1.306500
-1.207886,-1.459714,0.337629
0.741000,0.663000,4.000942
1.171147,1.682735,15.916590
0.076853,3.084441,14.197149
1.717114,1.897629,14.894658
5.086060,0.126176,13.550205
3.054580,2.284645,11.208097
1.274383,-0.455382,6.987883
-1.146600,-0.686400,3.151200
-1.363853,-1.050706,7.390500
3.563911,1.355824,18.149914
1.133294,7.910117,18.869112
4.442657,9.295369,10.964574
2.114030,6.064501,5.594205
-0.177794,-0.099794,0.338382
-1.702628,-1.294800,-1.192286
0.313147,0.903883,7.287264
3.499677,3.484765,13.775028
5.169171,1.532143,10.702716
3.074118,3.476735,13.559384
1.459059,2.226441,14.479321
2.015743,2.560628,9.040201
-1.421206,-1.737794,4.783235
1.967206,-2.978912,1.338618
-1.092000,0.598372,14.629459
-1.885765,0.604500,19.809702
1.948853,9.588264,17.832178
3.382972,6.339172,9.354428
0.403765,1.916736,1.070206
-2.400794,-2.214971,-3.918352
-3.624772,-0.856886,7.258458
1.313382,3.560471,13.051233
3.150970,-0.719206,12.777086
-1.460829,3.316115,14.450059
5.714647,2.422589,14.411647
2.320500,1.863970,9.614647
-2.653147,-0.751323,5.409528
0.057943,-2.122714,2.546143
0.426706,-1.139029,0.858000
-0.524206,-2.611853,20.391260
-9.332140,3.114430,23.241772
2.719676,6.141353,15.868412
0.074559,6.295058,10.214556
0.388886,3.302742,3.876601
-1.079382,-1.012853,-1.787118
-0.576971,-2.130088,0.833912
-1.916572,4.102799,21.808800
3.405618,-1.712558,6.757323
-1.326000,1.680441,18.112055
3.838715,-0.995057,13.699029
3.125735,0.501265,10.001203
1.792853,-0.033265,6.129883
0.308657,-1.379486,3.492171
1.982117,-1.914441,3.183089
-1.936235,0.392294,18.260027
-3.280457,5.579227,19.291632
3.128029,9.177618,17.155415
0.738706,7.723148,10.548357
-0.014486,3.460971,3.645944
-2.957118,-0.390000,-1.555412
-0.766235,1.120677,-2.400795
-0.775543,0.473572,15.402771
4.283118,1.085117,10.333851
4.302617,3.618971,15.055146
2.813735,1.710264,13.170527
-0.232886,1.457486,14.915828
2.274618,-0.508147,8.739442
2.172529,-0.672177,2.961707
-0.861343,-1.209000,8.262428
-3.692383,2.721970,15.853496
-3.106236,9.740825,14.553881
3.356229,8.914288,6.544201
3.068382,1.556559,-1.745824
0.493235,-0.932559,-0.931412
0.985029,0.417857,13.891800
6.453353,3.605206,9.370323
-2.936471,2.292971,16.182711
2.277600,3.594686,16.301996
1.958029,1.405147,9.776382
1.219324,-0.267265,5.524234
0.297514,-2.355600,1.581172
0.086029,-2.244794,4.361118
-2.695589,-0.489794,19.745470
-3.800829,4.421486,21.988205
2.297559,8.354029,13.358647
1.576059,3.516883,4.772913
-1.684800,-0.531514,-3.439800
-2.673794,-1.121824,2.657735
-2.508617,3.955059,12.170292
4.954116,-1.173342,12.214801
-2.118618,1.090853,12.133587
2.727706,3.038559,17.117561
4.601998,2.759825,12.176030
-0.221743,0.304200,5.595943
0.415235,-3.001853,3.678618
-0.081441,-0.310853,3.518030
-1.944429,-0.212828,19.433146
-4.021586,6.040412,19.623882
5.009206,9.167293,15.286857
1.467514,5.702914,5.663914
-1.087412,0.377382,-1.363853
-1.869706,-1.865118,0.169765
-2.151686,1.053000,11.724514
-2.430618,3.710735,6.650648
6.242294,1.165412,15.590824
3.761828,4.557430,14.558143
1.605094,2.814094,16.308094
2.046353,2.175971,10.312059
0.363257,-0.795600,3.660429
0.338382,-2.003912,1.943118
-2.288383,-0.761647,8.779589
-3.060942,0.605057,18.003510
1.941971,5.199618,19.442642
1.628823,8.588028,11.870914
0.624000,3.040886,3.143400
-1.605882,-1.182618,-2.194323
-2.938764,-1.455618,5.092941
-1.196743,1.968943,9.699857
5.045910,0.938294,14.338234
-0.083735,2.941059,11.035851
2.923853,3.051177,17.427261
3.803056,2.517172,11.120570
-0.089471,0.758206,5.447382
0.391147,-2.490265,2.851588
-0.134829,-1.386171,2.699915
-3.926383,-0.968118,19.576857
-2.726559,2.857324,19.377266
2.832515,7.114716,15.075174
0.361324,6.874322,7.684147
-0.130765,3.084440,2.167942
-0.894771,-2.071457,-2.075914
-2.190883,0.478324,5.277618
-1.938529,3.796764,20.054029
1.960029,0.306429,8.112000
0.901588,3.070677,16.683969
4.358824,1.328294,12.613058
2.729999,2.264229,10.108800
1.280118,1.270941,5.718089
2.284940,-2.165647,3.489353
-1.640229,-1.256914,4.485000
-4.166117,0.668735,19.194881
2.282647,6.547412,19.112297
5.758236,8.414824,14.052618
-1.390629,5.636057,5.970345
-1.273235,2.381295,0.225971
-0.147970,-0.714618,-0.610235
-0.871371,1.984543,10.190145
0.056206,1.553117,14.885384
0.240882,-1.065618,11.888115
1.133229,2.610772,15.640114
4.752264,0.690529,11.211355
2.458147,1.850206,7.914704
0.099171,-0.299743,4.526228
1.399412,-0.562059,2.975471
0.549441,0.051618,15.566733
-0.420086,4.171887,18.044739
4.182177,5.613707,17.993910
2.586617,7.292999,12.295323
1.103143,3.845398,6.007114
-1.796294,0.829324,0.993353
-1.072500,1.116089,-1.923618
-2.165057,-0.634028,5.691771
4.569882,0.676765,18.916147
5.223705,0.862589,12.311382
3.288258,2.424686,15.693600
2.518941,1.633412,15.426796
1.560000,1.502647,10.438234
1.806257,1.351628,5.126828
0.376235,-0.493235,1.651765
-1.131000,-1.090853,6.555442
-2.305457,-0.390000,17.757259
0.300529,5.227148,19.892290
2.290677,8.511177,14.949618
0.431229,4.909543,4.984201
-1.184912,-0.406059,-1.027765
-3.128029,0.342971,-0.103235
-0.984177,-0.100941,7.201234
0.961629,2.900485,13.715740
3.870176,1.168853,10.823647
1.785971,5.603382,15.579353
3.632571,2.205172,15.795006
1.082823,2.481088,9.510262
-0.765088,-1.053000,3.752029
1.694829,-2.803543,1.778400
-2.132383,-0.947471,11.112707
-3.259942,0.877500,18.057001
-0.549343,5.789828,18.851488
2.416852,7.046383,12.120972
0.559765,3.459529,3.688941
-2.226343,-1.330457,-1.649143
-3.209471,-0.863735,3.422823
-1.980971,2.217265,11.886969
2.972914,0.889200,13.294544
0.032118,3.989470,11.709175
4.365706,2.676088,18.742937
2.366743,2.673171,11.334516
-0.165176,-0.306265,5.154881
0.630882,-2.161059,1.443000
0.080228,-2.233028,3.497743
-4.380619,0.469147,20.159559
-1.250294,4.536619,20.626415
3.541200,8.861914,13.728004
0.134206,5.768560,4.527440
-0.780000,-1.507236,-1.850206
-4.126200,-1.285886,0.806743
-2.705912,2.604970,10.191618
3.307452,0.473032,12.115162
3.201440,2.356059,11.714910
1.159676,3.300088,17.652088
2.938372,2.321057,14.795486
0.597618,1.706824,6.842207
-0.602206,-2.126647,2.340000
1.095343,-1.847486,2.484857
-3.146383,-2.487971,18.125824
-5.531119,2.030294,20.034529
0.085800,5.913514,14.980458
2.159911,6.246883,8.958529
-0.507000,2.312471,0.852265
-2.301000,-1.502647,-4.832558
-1.938857,-1.531029,8.325943
-1.353530,4.199383,15.237533
1.830706,-0.808676,10.075764
0.735429,4.017000,17.685942
6.664411,2.509765,14.777558
1.560000,1.551971,9.801614
-2.008500,0.355588,5.372823
0.470229,-3.282685,1.927714
-0.855706,-1.652912,6.619677
-5.122766,0.341824,19.575703
-2.270914,1.828543,18.791319
1.757294,7.100292,13.343733
1.291588,4.427647,6.095471
-0.960514,2.016857,-1.787314
-0.744441,-2.344588,-0.486353
-1.514118,4.298029,11.970706
0.815657,-1.317086,14.279571
0.835059,1.473971,14.322176
6.318000,1.743530,14.728239
1.798457,1.265828,14.457857
2.306735,2.359500,11.685090
2.256264,-0.643500,4.639853
1.833000,-1.585629,1.799571
-3.238147,-0.302824,9.166145
-3.758912,-0.420971,17.670446
-0.010323,7.763294,18.847330
4.708972,10.277058,13.584255
1.912147,5.535707,5.084911
-1.194088,0.355588,-0.586147
-4.097228,0.056829,-1.646914
-2.368676,-0.314294,6.165441
2.271177,3.779559,16.139118
4.729030,0.152657,9.673117
0.501265,4.376029,15.522003
2.140412,1.585236,16.166647
1.888714,2.410200,10.769570
-0.117000,0.399177,4.443707
0.716912,-2.688706,1.613912
-1.386172,-1.107601,5.882315
-3.446912,0.669882,19.458710
-2.067001,3.539824,18.757854
3.292059,8.367793,13.467618
0.855772,5.133514,6.406028
-0.500118,0.869470,-0.529941
-1.963765,-1.297324,1.382206
-2.717742,3.538971,14.591572
1.828412,-0.425559,5.765119
0.927971,0.633176,14.038855
2.606314,4.014772,14.824456
3.493942,2.707058,13.786503
-0.398029,2.185147,7.943382
-2.265342,-1.210114,4.032600
1.014000,-2.404236,2.547618
-1.311088,-0.710029,6.644912
-4.948543,0.329829,20.156317
-4.271647,2.159912,20.151527
1.128706,6.495795,14.349709
0.373941,4.823382,7.390500
-0.708686,2.263114,0.600600
-1.112647,-1.909853,-1.332883
-1.268647,-0.534529,4.753412
1.781743,0.599486,22.721405
0.961235,1.771059,5.552912
2.143853,0.776559,19.825760
1.718229,-0.306428,14.118002
2.969736,1.599000,12.206998
3.256500,-0.342971,6.182645
1.390628,-0.141514,3.319457
-1.771059,-0.761647,4.172999
-2.177118,-0.406059,17.266678
-1.007314,3.710572,19.303886
0.603353,9.220061,17.036118
0.462265,6.711442,8.939030
0.308657,1.976744,2.845885
-0.854559,-0.846529,-0.875206
-1.321412,0.340676,-0.184676
-0.391147,2.392765,15.421059
3.785228,1.229057,11.035884
4.209705,4.216588,15.442849
0.013765,1.332882,15.917737
0.397800,2.219657,13.543026
2.248235,0.196147,5.244354
2.146147,-2.000471,0.880941
0.085800,-1.898743,4.970828
-4.595119,2.848147,18.006533
0.448500,5.326941,21.622059
4.322314,7.679655,13.378114
0.906750,2.736094,3.076125
0.019500,-1.299618,-4.891058
-5.107885,-3.244800,4.277743
-0.469147,3.118852,14.542416
0.890118,-0.003442,9.114531
0.388886,2.209629,14.376512
2.645118,5.365941,15.863823
3.278294,2.973177,14.542414
1.504286,2.305458,6.365913
0.946324,-3.200294,2.699030
0.127323,-1.896089,1.629971
-4.948411,-1.861677,12.646324
-3.751800,2.279829,19.918976
1.393677,6.282442,19.266003
2.727706,6.579531,10.729587
-0.065743,2.756742,1.888715
-3.238147,-1.455618,-3.852970
-3.055765,-0.517324,5.375118
-0.203029,2.053235,7.994999
2.664257,0.934886,18.461487
-0.199588,2.721971,14.004444
3.503119,1.141324,17.508705
1.720457,2.490429,12.427629
0.090618,0.074559,5.664177
1.543941,-1.369588,2.138118
0.033428,-2.268686,4.438200
-5.227147,0.189265,19.440350
-1.236529,5.180118,19.112295
4.819286,9.513773,15.153175
0.362471,4.663941,5.347590
-1.164265,0.186971,-1.610471
-3.206030,-2.078470,-0.724941
-2.279828,2.477057,11.390231
0.660706,0.098647,8.442352
3.534089,1.612765,15.416473
2.172529,4.174146,15.551825
2.557285,2.351142,14.850085
1.609324,1.409736,7.084236
-0.973853,-1.075941,4.090413
2.774572,-1.631314,1.030714
-3.097059,-0.832765,12.138175
-5.972735,2.413412,22.664736
0.274114,5.272799,18.250889
2.380147,5.880970,10.097562
0.411794,2.354912,2.349177
-1.324853,-1.626529,-3.849530
-2.832514,0.908143,6.217714
-0.921088,3.643059,11.172354
2.941060,-0.659559,15.681441
-2.451429,3.787457,12.441002
3.831176,1.884617,15.220323
1.781383,1.314529,8.717648
-0.962382,1.455618,5.298267
-0.057943,-2.790172,2.825828
0.750177,-2.048647,3.462971
-5.045913,0.130765,22.726679
-6.153085,1.772829,20.872795
2.505176,6.705706,12.638297
0.752470,4.680001,7.928470
0.128143,2.156143,-1.342714
-0.473735,-1.594412,-1.824971
-1.272088,3.513441,10.254707
-1.173343,-0.159343,15.290227
0.254647,0.347559,10.968175
1.791706,3.108531,17.974417
4.763572,1.068600,13.195370
1.120676,2.078471,9.130587
-0.175500,-0.204176,5.471470
1.039629,-2.214086,2.375657
-3.496235,0.614824,9.420794
-2.832088,-0.486353,19.709913
0.016715,5.622685,20.185287
1.239971,6.885794,8.815147
-0.559765,3.670589,3.164735
-0.878647,-0.271853,-4.267060
-0.786686,-0.825686,-0.987257
-3.006441,6.482030,26.045116
-1.496912,-2.651999,9.095033
-0.635143,0.277457,17.032969
2.830941,-0.375088,13.861059
2.727705,-0.520764,13.567411
4.581944,0.605057,10.332769
2.726558,0.004588,4.928913
0.439323,-1.808912,4.103030
-5.187001,0.280800,7.405542
2.067000,1.132147,19.244207
5.364794,7.771325,17.366470
2.021315,9.352200,11.466000
1.217029,5.442793,3.842648
-0.527647,0.712324,0.897000
-2.451429,1.270285,0.560486
-2.065853,1.166559,4.290000
2.022265,2.860765,15.585091
2.545324,0.907324,11.120737
1.931057,4.129544,16.104767
1.522147,2.379000,15.725029
2.181706,3.328764,11.718354
1.600114,0.432343,4.830429
0.459971,-2.362941,1.231941
-1.430382,-1.537059,4.377177
-3.443324,-0.335903,18.450777
-2.329677,5.293677,19.846413
2.668059,9.512559,14.789031
0.722057,4.675544,5.716286
-0.521912,-0.481765,-1.457911
-4.099588,-1.471677,-0.404912
-3.669342,4.218686,14.348659
4.772913,-0.893559,6.111529
1.126412,2.419147,15.294883
1.831886,3.829800,17.042999
1.251441,2.560235,12.906710
-0.095206,0.316589,6.867443
-1.303715,-2.863714,2.294314
0.813265,-0.526500,2.011941
-3.295501,-1.696500,19.025116
-2.978912,4.538912,18.404562
1.688143,8.831830,15.742627
0.018353,5.375119,5.238616
-1.345500,-0.231706,0.404912
-0.839057,-1.503172,-0.322029
-0.409500,3.427412,9.446032
2.645117,3.008736,11.712617
0.817886,0.976114,14.042229
4.323264,3.532942,16.144852
5.370529,3.456089,13.362088
1.644685,0.610628,6.263397
-0.624000,-2.731147,2.474207
0.874059,-1.194088,2.939912
0.424543,-0.621772,17.890970
-1.151647,3.816265,19.182264
3.227823,9.321000,14.700706
2.223001,6.638914,7.873545
2.742618,0.121589,-1.057588
-3.918353,-1.284706,-1.089706
-3.409059,0.536823,9.942705
2.009057,2.728886,10.138885
3.844942,1.203265,14.068673
1.886912,4.208559,14.702999
4.432630,2.936143,14.298512
1.828412,2.163354,7.778208
-1.400559,-1.735500,4.510235
0.559371,-1.999029,1.738286
-1.165412,-1.226206,9.334764
-3.390707,0.791471,21.642710
0.429000,4.073829,18.935062
2.757530,7.929619,10.879854
0.624000,4.302618,3.429706
-1.026257,-0.539314,-3.595800
-1.518706,-1.228500,3.957353
-0.637764,6.026648,18.802595
0.952059,-1.707970,6.711440
-0.278571,2.985171,15.601112
4.725882,1.744676,14.163879
2.777029,1.359265,12.114089
-0.961628,0.911486,6.279000
-1.306500,-3.850677,2.580883
1.861676,-1.707971,1.772206
-2.951743,-1.490914,18.958456
-3.474442,6.439588,19.356613
4.550383,8.965411,15.848913
1.420715,7.707516,8.760518
0.110118,3.458383,2.280353
-3.303530,-0.891265,-1.512971
-0.807857,0.014486,3.299399
0.877500,0.586147,18.646591
1.127559,1.578353,5.747911
4.129543,2.900486,16.822372
3.842648,1.149353,14.059505
1.418912,1.592118,14.719061
2.953970,1.156629,8.129827
1.226205,-1.092000,2.373265
0.211059,-1.573765,4.100735
-3.377401,0.220629,15.384949
1.506088,1.426941,20.273117
2.045206,9.638737,17.497232
1.609028,6.302402,6.283458
0.042441,1.712559,0.120441
-3.389559,-1.288147,-2.928441
-3.604716,-0.611743,9.284228
1.161971,1.628824,8.160175
4.459765,1.351235,13.789941
1.178915,4.005857,13.407084
3.519177,2.428324,15.681447
1.798588,1.928206,11.529091
-0.886676,1.300765,5.956676
0.379972,-3.102172,1.855286
0.005736,-1.443000,3.584559
-3.355147,0.106676,21.464914
-5.165830,1.847485,19.286060
4.964470,7.365265,12.059029
1.198676,4.891058,6.448764
-1.327114,1.825199,-0.167143
-1.322559,-1.951147,-0.193853
-4.085824,4.343912,13.401089
4.183028,-1.132114,13.516287
-2.334265,-0.760500,13.170528
1.173441,3.059205,16.152882
3.624773,1.466400,11.609743
0.969265,2.485676,7.182883
0.098647,-1.191794,3.247324
2.865281,-3.124875,4.309501
-1.142471,0.117000,9.062913
-0.921088,6.889236,15.907408
2.712171,8.848543,16.950520
4.665088,10.148028,11.308854
1.005971,7.545352,6.689648
-1.255800,4.245428,2.996314
-1.953441,1.621941,2.755235
-1.356971,1.220470,4.433382
-0.814543,-0.115886,14.880173
1.197529,0.404912,8.711909
3.363176,0.675618,15.735353
3.990257,0.707571,13.887344
3.264529,2.461588,14.631881
3.460676,1.873147,8.815146
0.376629,-0.215057,3.902228
0.822442,-3.660264,1.555412
-3.507706,0.357882,11.123028
-3.696085,1.369457,21.964800
5.180117,9.510263,16.973030
5.863766,11.281322,12.203560
0.598372,7.092430,3.599143
-0.543706,-0.468000,0.149118
-4.982823,-1.246853,1.370735
-5.146885,-0.547114,5.714056
1.999324,0.932559,11.493527
8.645381,2.368677,9.222354
3.918944,5.045485,15.501945
-0.573530,4.022735,14.962233
1.779088,2.033735,14.854415
0.980572,0.621771,4.545173
-0.104382,-2.360647,0.994500
-0.033265,-2.188588,4.896793
-2.794629,-0.661886,18.296570
-2.536147,3.529500,21.000355
0.402618,9.216618,13.526115
2.660915,3.033085,5.632715
-1.097735,1.422353,-1.698794
-3.303530,-1.581794,0.619412
-4.958571,1.680343,13.928570
0.936001,1.565735,3.480176
3.107384,1.586382,16.919121
1.123200,3.738429,13.544144
1.459059,1.691912,15.489882
1.306500,2.580883,9.464381
0.929314,-1.974514,4.219801
3.019059,-1.758441,2.130088
-1.519853,-1.579500,7.881442
-6.203294,0.041294,22.525948
-3.044229,8.442945,20.230965
6.797469,8.980325,11.993648
2.184000,3.693530,2.361795
-1.792886,-1.830772,-3.201343
-5.612560,-1.718294,6.424676
-2.196618,2.463882,12.519000
2.877086,-0.093600,8.951056
2.538441,4.409295,14.878498
3.737117,3.295500,17.118708
2.009057,2.527200,13.848349
0.306265,-0.059647,4.807324
0.305118,-2.122059,2.201206
-0.532628,-2.969571,4.536257
-5.102119,1.038088,18.880587
-0.371647,2.505177,19.852152
3.584657,7.875771,12.391973
0.668735,4.150059,4.403558
-2.247088,0.056205,-3.379235
-3.432000,-0.723171,0.310886
-1.841029,5.016088,16.578440
3.309265,-1.276676,10.838559
-0.987257,3.124457,13.700145
2.434059,3.109676,17.119854
1.480853,2.678382,9.510266
-0.075771,0.032314,5.911287
0.955500,-2.939912,1.792853
1.283559,-1.756147,1.509530
-3.598029,-0.846857,21.941404
-6.453351,3.446911,22.210499
4.031912,7.063588,13.662617
2.973177,5.013793,7.016558
-1.201200,1.272515,-1.002857
-2.779324,-1.955735,-3.395294
-2.282647,1.954588,10.833972
-2.546144,1.982314,17.553345
2.320500,0.699706,9.450617
-0.231706,3.539824,15.956737
4.871657,1.161086,12.286116
2.299853,3.076412,9.838324
1.904118,0.329206,5.239765
0.166029,-1.527686,4.147372
-2.141559,0.083735,6.085148
-2.809147,-0.813265,21.334150
0.020057,5.601514,19.027538
3.094765,6.663263,11.883528
0.099794,3.678618,3.705000
-1.231286,0.863571,-0.939343
-1.929353,0.192706,0.334941
-3.176207,5.422147,17.959501
2.366742,-2.899372,9.590656
0.012618,0.564353,15.801884
3.104904,1.109613,11.847193
3.450353,1.362706,11.963822
1.900972,0.915942,7.933715
0.663000,-1.766471,4.511383
0.731823,-0.175500,2.681824
-2.871515,-0.343200,16.381117
-0.143382,3.762352,17.057909
4.263618,4.471235,19.363495
2.046943,5.311800,11.287711
1.381059,2.430618,5.751351
0.130765,0.719206,0.644647
0.209486,1.839685,-1.562229
-3.966529,0.227118,6.919059
5.954382,0.799500,18.085678
4.856056,2.296543,12.810945
2.990382,2.400794,15.366001
1.979823,1.112647,15.687181
2.387029,2.497148,10.703202
1.217914,0.251829,4.264373
1.019735,-1.706823,1.618500
-3.454942,0.547147,12.397412
0.212828,-0.384429,18.974052
0.775412,8.445793,20.257059
0.547147,6.200998,9.444881
0.226200,1.314857,0.003343
-2.208088,-0.239735,-2.847000
-2.006206,1.320265,1.200971
-1.603457,1.312629,16.385571
2.914675,1.720588,10.698616
0.952059,2.567118,13.583469
2.927228,2.888228,15.666860
2.094529,1.725177,12.969795
1.298470,2.257412,6.379941
-0.312000,-2.142771,2.955087
2.373265,-1.805471,1.972941
-4.034206,-2.242500,14.912910
-5.668372,0.990600,22.008261
2.028000,8.294382,19.501146
1.062177,5.984206,9.683473
0.959400,0.572742,0.570514
-3.448059,-1.701089,-4.229205
-3.996353,1.931647,8.617853
1.822971,-0.329828,9.099257
1.600147,1.779088,13.925301
1.729765,4.115647,12.922767
4.346828,2.508256,17.124348
1.534765,2.790794,10.026443
0.222529,-1.212441,4.809618
0.161572,-1.954458,1.473086
-1.944091,-2.233636,5.112545
-5.032115,0.436800,22.433914
-1.180323,5.286793,22.007471
4.694912,9.584827,12.193231
-0.483600,3.252600,3.434229
-2.289530,-1.383353,-5.095236
-3.793323,-3.776118,1.109206
-1.863086,2.935029,12.516770
1.837588,0.751324,12.517852
2.604971,2.181705,13.663766
1.527882,3.236999,17.820707
2.514943,2.386800,13.462799
1.019735,1.386794,5.414118
1.064471,-2.250529,2.526970
0.803400,-1.630200,2.449200
-4.231501,-2.276912,19.899181
-5.455414,2.354912,20.651648
2.719971,8.119798,15.123085
1.663235,5.421000,7.053266
-0.445059,-0.496677,-0.965824
-3.363176,-2.124353,-5.175530
-4.298913,1.911000,13.803771
1.572618,1.572618,10.511646
3.048883,0.849970,13.382738
0.008914,3.803056,16.406744
3.604059,1.480853,15.385502
1.117235,2.517794,8.875940
-0.783343,-0.796714,4.087201
0.595324,-2.141559,2.241353
-2.536147,-1.620794,10.179002
-6.141354,1.405147,20.434856
-2.011286,2.831400,18.609686
2.258559,7.117501,8.948209
-0.156000,2.608412,2.802265
-2.248629,-0.023400,-5.266114
-0.371647,-0.923384,4.072059
-2.255117,4.834854,23.003119
0.290828,-1.933287,6.715801
-0.222529,1.707971,18.536469
4.756852,-0.710030,13.932177
2.993823,1.768764,12.462794
2.444743,1.467515,6.646715
2.025706,-2.114030,4.030765
-0.400324,-2.203501,3.483618
-5.425458,-0.440143,18.275398
0.136500,4.848618,16.843414
3.113117,10.450854,17.770235
-0.273000,6.763715,7.270714
0.878647,2.124353,1.136736
-2.392765,0.798353,-0.696265
-2.070343,1.162200,2.327743
-1.636782,0.370500,12.901688
3.254829,1.152171,12.301716
3.281735,3.644206,15.282265
2.153029,2.130089,15.016148
0.585000,2.241353,14.169615
1.328229,1.372800,6.526371
-0.157147,-2.875676,2.755236
1.406294,-2.276912,2.670353
-5.036572,-0.457971,17.415171
-2.225294,4.094999,17.929676
3.418236,8.074147,16.115032
1.344943,5.507915,7.727572
-1.348941,2.159912,0.002294
-2.070441,-1.261765,-0.774265
-1.963371,1.005086,8.719284
-1.640294,0.595323,10.887884
3.465264,3.136060,10.752529
1.046314,3.747342,14.982687
2.331971,1.968353,14.605506
0.891265,2.039471,12.759884
-0.549343,1.609029,6.694629
-0.039000,-1.237676,2.790794
1.600147,-1.582941,0.961235
-1.932172,-1.449686,12.984772
-8.500854,2.022264,21.986816
-0.291353,3.557030,16.079468
2.813572,6.134142,13.067226
0.419823,4.515971,4.395529
-1.615059,2.212676,-0.649235
-0.015600,-1.158857,1.503171
-3.738265,4.108765,15.836295
0.020647,-3.097059,10.062004
0.168257,-0.366600,16.889231
4.332441,0.420970,13.512357
2.270030,1.004824,14.165029
1.896514,0.705343,8.893115
1.745823,-2.018824,4.854354
2.125500,-2.514353,2.908942
-2.309915,1.069714,11.909485
-4.288855,2.809147,16.985649
2.646265,8.901176,18.652321
0.962743,8.096399,10.556746
-0.454235,4.883030,3.476736
-3.652236,-0.144529,-0.466853
-1.269172,1.253571,-1.330457
0.183529,-0.746735,15.092999
2.267736,1.983265,11.252647
2.598514,3.531171,15.146486
3.262235,1.841029,16.406380
0.360177,2.303294,14.481621
1.476429,0.804515,6.913029
1.361559,-2.407676,1.174588
0.590735,-1.589824,5.906205
-3.029744,1.583400,17.908804
-1.303059,5.846559,18.773916
1.210147,8.683235,9.324440
1.872000,4.137441,1.983265
-0.025629,1.153286,-2.084828
-2.072735,-0.830471,6.573795
-0.384265,0.882088,10.658469
4.082743,3.251486,11.137283
-3.402177,2.938765,15.098737
3.062647,3.924088,18.060440
2.384572,2.079257,9.581741
0.799500,0.493235,4.574470
-0.579265,-2.194324,1.543941
0.529286,-2.209629,3.214714
-5.051646,-2.054382,20.060907
-6.116119,4.425352,19.981766
1.465285,6.650057,14.743114
1.819235,5.160618,8.176235
-0.872912,2.377853,0.861441
-2.815800,-1.565571,-1.427400
-1.841029,3.004148,9.463234
0.658412,-1.405147,11.897295
0.872486,1.264715,11.283260
-0.856853,3.193412,16.328381
2.894030,1.876588,13.323088
1.833000,2.679857,9.023486
-1.580647,-0.333794,4.653617
3.270265,-2.415705,3.160147
-2.263114,-0.455743,8.246829
-4.826824,2.799971,19.822315
-0.587294,4.326707,19.209793
2.240828,8.343771,13.831632
1.235382,4.959883,5.102118
-1.290441,0.766236,-0.276441
-2.475943,-1.453029,1.196743
-0.741000,2.802264,8.632765
-2.052088,0.190412,10.692885
1.711543,1.644686,15.031715
3.103941,3.641912,15.446297
3.605206,0.492088,15.290296
1.343829,2.600744,10.536685
0.774265,0.643500,5.699736
1.930500,-2.678382,1.167706
-2.704371,-0.922628,9.040198
-5.262707,0.014912,20.510557
0.634324,5.524235,19.187992
3.409714,9.435772,13.040485
-0.543400,4.461599,3.434601
-0.939343,-0.654086,-3.265972
-3.349412,-2.108294,-1.549676
-2.116323,3.589147,13.467618
-0.891428,0.386657,10.864291
2.356059,1.041529,13.987237
1.829559,4.207413,16.037031
3.728400,0.196114,13.812687
0.168618,2.032588,12.034942
1.111500,0.515029,5.058530
3.414171,-2.737801,2.093742
-0.936000,-0.899294,4.047970
-4.702940,-0.793765,20.327030
-2.919429,5.819916,21.199286
3.797913,9.883060,14.447207
1.027765,6.511851,6.620823
-0.631800,0.625114,-0.951600
-3.178500,-0.464559,-1.679295
0.215647,2.099118,4.378324
-4.022572,0.323143,15.513084
3.514588,1.527882,11.454530
2.705912,3.289765,15.928060
3.015257,0.950486,16.146004
0.634324,2.155324,14.813118
2.804560,1.046118,5.135381
1.573371,-1.611257,1.066372
-1.524441,-2.594647,4.152353
-4.894499,-0.165177,19.415115
-3.019714,4.944086,21.314056
5.596501,10.745646,15.416473
1.479707,6.211323,4.124823
0.256286,-0.910371,-2.331086
-4.524000,-1.880030,-1.853647
-4.364557,3.305823,13.046646
-1.010657,-1.389515,10.254770
5.157176,0.707735,13.014530
2.577441,3.740559,15.084970
2.574001,1.828543,17.371716
-0.587294,3.459528,9.777528
1.314529,-1.047265,3.784147
2.779029,-1.856400,0.377743
-2.361795,-1.309941,5.708912
-7.715118,0.893559,22.243761
1.981200,5.156914,22.241148
3.465264,8.160178,11.981031
-0.914206,3.974558,3.379235
-2.830942,-1.009412,-4.693765
-3.366257,-1.620171,1.408457
-3.453794,3.427412,14.557325
4.246412,-0.665294,12.165707
0.735429,1.352743,12.709546
0.104382,2.443236,17.463972
2.487971,1.798588,11.767676
0.598371,0.950486,6.657857
1.092000,-1.538206,2.705912
1.500353,-3.235853,1.975235
-6.549772,-0.505886,20.773626
-6.500381,3.571942,20.009296
4.916295,7.994999,13.857621
2.387915,5.470027,7.745400
-1.563441,2.224148,-1.486588
-4.260176,-3.465264,-4.400116
-4.382486,4.479430,13.919657
3.386118,-1.704529,11.566939
-0.247765,-0.426706,13.383881
2.931685,4.240971,16.378887
2.717382,3.220942,13.378146
-0.702000,1.698794,9.278561
-0.966086,-3.706115,3.975771
1.324853,-3.849530,2.431764
-1.943118,0.728382,12.962912
-1.298143,8.256857,16.462458
6.603618,11.993650,15.548381
2.712794,7.830968,9.371472
-1.702628,4.527341,2.054743
-3.905736,-0.917647,0.596471
-1.463647,0.549441,4.755706
-1.883142,0.724286,7.612802
5.807558,1.051853,14.639912
2.118617,2.874529,13.381594
1.829560,0.829323,14.711028
0.005571,1.703743,15.860741
3.390705,2.326235,8.700441
1.275529,0.408353,3.906882
0.585000,-2.488200,1.865314
-3.956206,-0.079147,12.426090
-2.736883,2.326236,17.615379
1.152171,6.931973,19.582451
0.891265,7.461618,10.379738
-0.137647,3.505413,1.859383
-2.227457,-0.564943,-2.361172
-2.421441,0.156000,4.481558
-2.163353,0.641206,11.266411
3.406372,2.185115,11.274343
0.983029,2.210382,13.451560
0.580412,2.281500,15.792702
2.301000,2.098200,14.087914
1.529029,1.571471,7.351499
-0.423265,-1.326000,3.632735
1.050772,-2.095971,2.419114
-3.462468,-1.713562,18.117937
-7.505829,2.545028,18.650915
2.533853,5.408383,13.955116
2.439794,5.822471,8.130353
0.562714,1.229058,-0.927086
-1.969500,-0.081441,-1.736647
-5.684823,5.042470,14.758060
2.755628,-2.332200,11.283257
-0.880942,-0.712324,13.649998
0.986471,3.600618,15.375175
3.168177,0.927971,11.157443
0.215057,0.022286,6.246686
-0.867176,-1.767617,2.541882
0.856853,-1.968352,6.043853
0.913715,5.302886,18.316626
-3.771529,9.766055,19.140972
4.265913,7.607295,11.836498
0.342086,3.988029,4.851601
-2.487971,1.625382,0.884382
-1.239971,0.181235,2.123206
-1.378372,2.898257,10.514400
0.932559,-1.494618,11.974145
1.319118,1.582941,13.243941
3.886629,1.385057,14.227201
0.729530,0.290206,14.830328
2.623324,2.049794,12.422647
3.036429,-0.168257,6.733631
0.143382,0.151412,2.992675
-1.368441,-1.659793,3.771529
-3.166800,0.490286,18.297688
0.260382,5.602236,19.582590
1.697647,9.914026,15.961326
-0.143743,6.285686,7.569345
-0.100941,2.017678,1.368441
-2.819471,-0.150265,-1.735500
-0.123882,0.033264,2.723118
-1.621286,-1.120971,7.728686
4.566441,5.012646,16.058825
2.730000,3.735971,12.853944
1.514315,3.203571,16.018972
-0.336088,1.521000,14.470141
3.006441,1.782530,6.807794
-0.972771,-1.391743,2.572885
-0.128471,-0.738706,2.198912
-1.671265,-3.521471,13.368972
-6.023828,2.761200,21.866743
-2.042911,8.479058,19.294678
2.562529,4.519412,8.161324
1.822972,1.444114,-0.705343
-3.084441,-0.739853,-3.030529
-4.409294,-0.568941,7.167972
-0.396686,1.468629,10.801883
1.845618,1.082824,13.061560
0.333794,4.903676,14.859000
3.941228,2.648658,17.030745
1.716000,2.633647,10.495588
-0.658412,0.204177,5.555209
1.100914,-2.273144,1.757228
-2.744912,-1.412029,4.435677
-3.688941,-0.546000,20.975119
-4.574143,3.717258,21.247206
3.173911,8.820882,12.937675
1.477412,4.520557,3.940147
-0.511588,-0.472588,-2.685265
-3.066514,-1.914343,-2.527200
-5.595353,4.723589,16.458004
2.071588,-1.457912,8.949351
1.837458,1.400657,16.363285
2.182853,3.092471,15.095292
3.124589,2.586618,15.156085
1.717114,2.678743,7.666285
-0.665294,-2.395059,2.493706
1.994735,-2.876824,2.307883
-5.117915,-0.093600,14.935885
-4.560706,2.850441,20.394701
3.087882,10.720411,17.086590
1.711543,6.822772,6.984342
0.488647,1.867412,0.143382
-1.631118,-2.304441,-3.176206
-4.446000,1.051886,8.679173
-3.406765,2.621028,7.883733
5.778882,1.014000,15.508238
0.413400,4.331230,13.254428
1.298470,3.820854,15.791563
1.323706,2.736883,12.192092
-0.719829,2.025771,5.111229
1.402853,-2.869941,2.063559
1.297324,-1.184912,2.443235
-3.832030,-2.487085,19.863258
-8.549030,3.206028,20.692942
2.391618,7.435237,14.727086
3.105088,5.014941,8.346000
-1.636886,1.504285,-1.243543
-2.352617,-2.749501,-4.221178
-2.648559,2.001617,11.829617
-2.362285,2.449200,13.286744
2.835529,0.324618,12.735796
-0.264970,5.189294,16.844559
4.697830,2.017971,13.130741
0.929118,1.553118,9.575647
-1.613040,-0.090480,4.506839
0.794486,-2.256428,1.919914
0.657265,-0.204177,3.601765
-3.512294,-1.041529,20.831734
-5.978472,6.114971,19.740883
2.852572,8.562170,14.619430
1.794000,6.924793,9.184499
0.294794,3.960794,0.440471
-1.268057,-0.752143,-3.982457
1.094294,1.281265,6.078266
-4.702940,4.005528,20.848940
0.362143,0.286372,5.124601
0.157147,2.743765,18.085676
2.967442,1.866265,12.781679
1.712657,1.956685,11.730086
0.543706,1.616206,8.232442
-0.128471,-0.431294,4.278529
0.585000,-2.054743,2.133857
-1.144765,-0.013765,12.910148
-3.844941,1.756147,15.530027
-0.217286,3.306086,15.058457
0.658412,5.512766,12.718591
2.640530,6.267528,8.383853
0.899228,6.251142,6.820544
1.869706,5.360206,5.099822
2.461589,4.186765,3.760059
-0.755486,2.859257,3.356229
-3.539824,1.429236,8.571971
0.689382,1.355823,12.923913
1.082824,0.012618,9.493058
2.207400,1.644686,13.703485
4.499912,0.515029,12.547676
4.419618,2.785059,12.200121
3.927858,2.735572,13.738030
1.104618,3.620118,11.258384
0.502412,0.979588,5.716942
0.943800,-2.713284,3.364028
-3.087883,-0.361324,14.729382
-1.309941,1.609324,17.746153
2.414657,11.080460,18.964027
2.868794,9.129441,8.554763
0.785735,3.272559,-0.013765
-2.200715,-1.087543,-1.710428
-3.490499,-0.001147,1.510677
-2.387030,0.051617,7.857352
-3.963513,2.353371,11.113883
5.340706,1.627677,11.781439
2.642823,5.099824,17.426119
0.642943,3.512229,17.131033
1.979823,3.254206,9.745412
0.731824,-1.548530,4.341619
-0.246257,-2.033571,3.056486
-2.448971,-2.545324,6.396000
-4.792411,1.132147,19.884266
-0.663000,6.422743,22.481827
3.536382,10.001208,10.050531
0.933706,1.921323,2.741471
-1.876457,-3.385201,-4.201971
-5.937176,-2.200058,3.766942
-1.254882,4.090412,16.525681
0.898115,0.680828,5.726314
2.817176,3.643059,16.237761
1.044971,4.355382,17.119856
1.044086,1.834114,11.962971
-2.001618,1.314529,4.933500
2.895176,-0.732971,1.590971
1.931647,-4.443706,1.998177
-7.196059,-2.650885,19.810883
-7.553381,0.730677,26.291733
2.586618,9.705263,15.953292
1.580057,4.191942,5.327401
0.040147,-1.194088,-3.124588
-4.208559,-5.208794,-8.485945
-5.028771,6.793800,23.854631
-2.853883,-0.537971,0.516176
5.739882,0.559765,18.066175
-0.255171,6.458399,13.663368
2.163354,3.605206,15.828267
-2.563677,0.688235,5.270735
-0.622886,-2.111571,2.689885
2.903206,-4.291146,2.725412
-4.393235,-2.058970,16.363943
-10.649232,2.821372,23.386627
-1.004824,6.826148,15.021887
2.419147,6.672441,9.678881
0.410057,2.055857,-0.080228
-1.574912,-2.929588,-8.522647
-2.916970,0.426706,9.275118
-2.756742,3.582427,16.871395
0.775412,-1.577206,10.676822
-2.996118,4.031912,18.981533
5.681743,2.438057,13.013741
0.489794,3.410205,7.991559
-0.302824,-0.845382,3.095912
-0.366600,-6.009343,3.512229
-2.499441,-1.081676,15.284560
-7.632529,2.853883,20.547260
3.206915,8.988944,16.959429
2.446676,7.549941,9.194821
0.578117,4.046823,2.335412
-1.756393,-0.685286,-1.569750
-1.940824,1.073647,-0.081441
-3.956205,3.476736,13.763557
2.269800,-0.517029,12.920145
3.745147,3.366618,15.928060
3.262235,1.990147,14.725944
0.931543,2.191800,15.771602
2.078470,3.449206,7.500620
1.706824,-1.674706,2.579735
1.859382,-2.476500,1.642588
-5.253857,-0.343200,12.082199
-4.751118,1.253735,21.196497
3.123441,8.147560,20.012741
2.078143,7.328656,9.754457
0.043588,0.916500,0.892412
-3.698118,-0.013765,-6.705705
-4.454915,-1.467514,4.742400
-0.524207,0.066529,19.384151
3.639619,1.141323,5.528822
-1.525457,2.227457,16.187225
3.037412,2.374412,16.916824
1.096589,2.387030,9.697236
-2.326628,-0.893657,5.595943
0.870618,-1.508383,2.486823
1.065617,-3.050029,5.682529
-6.985457,0.535972,23.285227
-5.300559,1.854794,20.098763
2.111736,5.681383,11.672472
0.024514,3.875486,4.485000
-2.166794,2.143853,-4.624941
-1.869706,-4.280824,0.680206
0.139286,6.127457,17.509884
1.860530,-1.479705,10.476084
-2.730000,3.060353,14.619265
4.868315,1.148829,13.203174
0.847676,0.762794,10.220293
-1.975235,-2.175971,7.279236
-1.729371,-3.299400,5.370857
-0.075706,2.579735,15.936090
1.980970,7.984676,16.297413
1.867543,9.035744,13.205399
-0.091765,6.158558,5.189293
-1.554265,0.269559,0.227118
-1.064143,0.749914,-0.885857
-1.097735,1.547382,8.465296
0.244323,1.042677,15.928060
0.583885,1.200086,13.541914
4.411589,2.068147,15.257031
1.852500,1.155088,13.843854
1.042971,2.650886,11.312228
2.120912,-1.207853,4.797000
1.565735,-2.820618,4.618058
-8.067429,-0.047914,18.088198
-2.567117,4.580206,18.238234
-0.541412,11.687385,16.533707
1.191172,5.365287,5.398714
0.289059,-0.454235,-0.851118
-3.077559,-0.426706,-4.435676
-4.373572,-1.460829,6.689057
2.450118,3.212910,12.272385
5.843119,1.238824,12.549971
0.676372,5.308458,15.715888
-1.733206,4.179883,14.915207
-0.059647,3.224382,10.211115
0.989486,2.338885,6.229973
1.827264,-3.460675,0.840794
0.723794,-2.770147,6.478588
-5.773113,0.203914,18.882687
-3.990617,2.435206,21.787243
-0.058500,7.840147,14.666295
0.188118,3.789883,4.357677
-0.252943,-1.438543,-4.116172
-2.306735,-1.285853,-0.791471
-0.697411,5.901618,12.861973
1.104257,-1.255799,13.919655
-3.592588,1.860530,12.673857
3.035118,2.857323,17.783998
-0.193886,2.253086,9.721026
0.903883,-0.088323,5.406089
-0.474883,-2.117471,2.054383
0.139286,-1.502057,6.857313
-0.410647,-0.872912,21.576176
-3.919501,6.704560,20.130882
3.573515,9.152743,12.443226
0.828177,4.607735,3.990619
-1.211294,-1.560000,-5.625177
-3.065400,-1.897629,1.840800
-0.071117,4.615766,13.916118
2.652000,-1.469382,8.219824
0.588343,3.013028,16.670820
2.496000,3.280588,17.460529
2.312471,2.563677,12.724325
-0.005571,0.485828,4.954114
0.181235,-3.140646,2.935324
0.449647,-2.368677,8.905765
-5.541343,1.809600,20.489485
0.160589,6.447618,19.057236
3.194560,8.866764,9.433412
-0.445714,1.516543,1.883143
-2.338853,-1.913294,-3.769235
-4.823812,-2.387531,2.767781
-1.693059,4.853205,14.126025
6.292372,-0.181629,12.745198
1.258324,3.472147,14.119145
0.291353,2.781618,17.173773
0.434571,1.649143,9.834687
-0.579265,0.178941,3.708442
1.555412,-0.357882,2.505176
1.602343,-2.678743,3.583543
-4.432235,-2.634794,22.740442
-9.891089,1.287000,23.295614
1.660286,7.491343,14.493515
2.731147,4.723589,7.211559
0.754765,1.051853,-2.669207
-1.895400,-2.997429,-7.970483
-5.277617,3.601765,19.542442
-0.593029,0.907322,6.750443
3.622542,-0.296400,19.589138
-2.996118,3.045441,13.207234
2.407677,3.514588,12.000534
1.919914,4.313400,5.134631
1.858235,2.130088,-0.344118
1.352382,-4.450588,3.558176
-3.738264,-0.127324,22.273590
-4.792542,3.990254,19.672712
5.755941,7.271206,15.496761
0.501265,7.780500,8.833502
-0.357686,3.797485,1.502057
0.017206,-1.139029,-1.623088
0.360176,1.337471,5.690559
-5.549144,2.275372,16.909285
2.158765,0.746735,9.994324
0.533382,2.344588,16.277914
2.992972,0.831257,13.498459
0.822441,1.635706,11.042735
0.738706,1.613912,4.766029
0.585000,-2.362286,3.190201
0.994500,-1.067912,4.351941
-1.118382,-0.981883,20.408474
-0.519257,3.489942,20.015917
3.948178,5.473764,16.492416
0.392294,4.761442,8.321912
0.863572,1.221257,2.035801
-0.541412,0.816706,-1.298471
-2.073882,0.543706,0.048177
-2.518286,0.320914,20.789232
4.819942,0.235147,11.053062
1.258324,1.417765,14.785586
3.472115,1.453029,16.582800
2.295265,2.615294,10.798410
1.332882,1.886912,6.654087
0.264086,-0.269657,3.050914
-0.151412,-2.279206,4.331295
-2.826353,0.020647,17.415794
-0.390000,5.626029,19.937916
2.416854,12.213884,17.165733
0.091765,4.597411,6.268674
-1.643571,1.383942,-1.174457
-4.000942,-0.575824,-1.652911
-1.791706,2.672647,4.382912
-0.713143,-1.717114,13.075028
1.205559,1.464794,10.126235
0.282176,4.041088,15.020739
3.214714,3.074314,17.874258
1.589824,3.372353,12.517852
0.429000,-0.088323,5.411824
1.799735,-3.092470,2.226441
-2.212972,-2.413543,5.932456
-5.237471,0.778853,20.815674
-2.572853,5.430177,21.101294
2.736686,9.582857,11.177401
-0.032118,2.466177,2.575146
-2.841265,-2.242501,-4.844030
-4.147372,-0.928200,2.441400
-2.424883,2.538441,11.127619
5.398060,0.526500,17.653234
-1.544400,2.994086,9.922714
1.446441,2.091089,20.195116
0.105529,2.886000,9.479296
0.394457,-1.170000,3.864343
2.840117,-3.021353,2.440942
-2.637089,-1.727470,9.301499
-8.058512,2.372315,23.110287
0.133059,7.568295,19.285505
3.771529,7.833263,8.412530
-0.636257,1.185600,-0.523714
-2.950235,-3.084441,-6.970677
-4.259029,-1.359264,11.834206
-2.971801,3.420859,10.351715
6.441883,0.145676,15.796146
-0.532235,4.681147,14.051471
1.183765,2.769000,18.292150
-0.402257,1.960029,7.707514
0.456529,-2.281500,2.836677
1.967206,-2.490264,2.156470
-2.414657,-0.503657,12.289454
-5.383147,2.344589,21.352499
0.626294,6.296207,17.837910
1.000629,6.974315,9.266401
-0.778853,-0.604500,0.435882
-2.344728,-1.529272,-7.332002
-3.614383,-0.848824,9.860117
0.918795,5.051648,13.654588
1.498714,-2.491543,16.447973
-5.706619,5.845413,12.423793
4.021589,3.340235,12.486885
0.131486,2.443629,6.375943
-0.324618,-3.604059,2.282647
0.991059,-3.959646,6.178059
-10.440529,-1.371882,19.683527
-5.932457,4.979741,20.970856
3.195706,6.866293,14.669732
0.979588,5.887852,7.299883
-0.445714,1.635772,-0.460200
-0.979588,-3.362030,-1.839881
-0.008029,0.933706,3.386118
-5.604857,5.273916,20.488373
5.626324,1.417765,11.968414
1.197529,2.871088,15.567879
0.007800,3.248142,11.418089
-0.092912,1.783677,8.903471
1.191794,0.652676,6.434998
-0.449057,0.905914,4.291114
-0.924530,-0.489794,7.184030
3.607501,1.421206,10.619471
0.815657,-2.318829,15.235627
-5.091794,-1.370736,13.366678
-7.264323,0.112412,17.056768
-1.804028,0.357686,13.022661
0.533382,2.504029,9.369176
0.649235,3.243883,4.715559
-0.215647,2.141558,0.721500
-0.082457,0.230657,1.931057
-0.890117,5.899322,14.799355
-0.872912,8.063823,10.462323
1.723800,-1.783971,13.199829
-2.345735,2.406530,7.974352
-1.468235,4.150059,15.094147
0.562714,2.118258,8.988940
-0.003441,1.843323,9.065207
-0.135353,1.878882,9.379501
-0.404486,1.435200,9.156084
-0.332647,1.204412,9.923207
-0.162882,1.008265,10.010384
-0.533743,0.934886,9.943887
-0.736412,0.723794,9.848648
