-0.580543,1.260257,9.789001
-0.454235,1.457912,9.745412
-0.102088,1.759588,9.698380
-0.173829,1.603457,9.842488
-0.610235,1.475118,9.764912
-0.688235,1.437265,9.813088
-0.696429,1.412914,9.772285
-0.963529,1.278970,9.768353
-1.101176,1.619647,9.619235
-0.894772,2.085943,9.648602
-0.952059,1.964912,9.665115
-0.940588,1.615059,9.730500
-0.901457,1.234629,9.617398
-0.177794,1.005970,9.777532
0.323471,0.602206,9.973679
0.437914,0.688629,9.822428
0.665294,0.430147,9.807354
0.375088,0.302824,9.673149
0.332647,0.360176,9.839470
0.308657,0.589457,9.646372
0.213353,0.169765,9.933529
0.102088,0.089471,10.017267
-0.011143,-0.244029,10.189028
-0.240882,-0.043588,10.068886
0.341824,0.353294,10.696323
1.271400,0.394457,10.446432
1.035794,0.248912,11.771113
-0.165177,-0.281029,11.683940
-2.315486,0.369943,9.693172
-2.662323,1.444147,10.067739
-0.447353,1.317971,10.359087
-1.129886,2.855915,9.284230
-1.132147,3.132617,7.806884
-0.182382,3.769236,7.072764
-0.262971,4.232057,6.777084
0.072265,4.267060,7.407706
0.317735,4.426501,9.223499
-0.425657,5.113457,11.276573
-0.209912,6.698825,8.499707
-0.695118,6.457941,10.142297
-1.785086,3.590229,9.287572
-0.654971,1.227353,8.738296
-0.529941,-0.073412,9.777526
-0.264971,1.165411,9.209737
0.096943,0.483600,9.191742
0.256941,0.208765,9.272826
0.113559,0.470294,9.420794
0.280800,0.436800,9.615170
0.035559,0.251206,10.113618
-0.325765,0.153706,10.733029
1.412914,0.375514,10.613571
1.062177,0.439324,11.852559
-1.139029,-0.773118,12.424942
-4.376915,1.304829,10.820827
-1.590971,1.748118,10.234057
-1.141323,2.382441,9.565326
-1.099800,2.618572,7.577142
-0.730677,3.164735,6.913324
-1.058735,3.155559,7.200088
-0.722057,4.098343,7.024457
0.317735,4.895647,9.663972
-0.151412,4.706383,12.938823
-0.310853,8.393030,8.869058
-1.761686,3.662657,9.111516
-1.493471,1.706823,9.965646
-0.095206,-0.349853,9.010149
-0.508114,1.548857,9.536059
0.558618,0.660706,9.171883
0.009176,0.292500,8.875938
0.071314,0.689743,9.102598
0.526500,0.504706,9.168443
0.409500,0.310853,9.707561
0.510343,0.052371,10.623604
2.015383,0.512735,11.612822
1.039235,0.984177,12.193233
-0.523714,-0.332057,11.887200
-4.293441,0.915353,10.060853
-2.405383,2.162206,10.564412
-0.907028,2.040257,10.035257
-1.658647,2.258558,7.728885
-1.087412,2.810295,7.236793
-0.612857,2.843657,7.291885
-0.762794,3.538677,7.241383
0.114706,4.232647,8.805971
0.574677,4.896794,11.206767
0.047914,6.009342,10.515515
0.028676,6.638030,8.835795
-2.304441,2.739176,10.583911
-0.819000,1.632429,7.824512
-0.242029,-0.531088,10.628649
-0.773118,2.315912,9.221203
0.347657,0.387771,9.380054
-0.338382,0.044735,9.161561
-0.224824,0.637765,9.332470
0.368829,0.337629,9.456944
0.400324,0.040147,9.479293
0.286765,-0.697412,10.286824
1.273235,0.118147,11.412089
0.956057,0.463543,12.788658
-1.148206,-0.049324,11.571527
-2.610311,0.749069,9.758067
-3.778543,2.578457,9.841373
-1.947706,2.276911,9.992029
-0.454235,3.220941,8.179676
-0.853543,3.862114,6.900771
-1.001382,3.791029,6.826146
-0.947143,4.038171,7.050086
-0.113559,4.646735,8.404498
1.136735,4.608882,11.378822
-0.082588,6.624264,10.533440
-1.031828,7.235057,5.707372
-2.964000,5.536855,11.900734
-2.262001,3.128030,9.901415
-0.416743,0.683057,7.633970
-0.688235,0.059647,10.734177
-0.919941,1.358117,9.101911
-0.105857,0.505886,9.817973
-0.297088,-0.026382,9.513707
0.268412,0.267265,9.556146
0.819000,0.144857,9.512656
1.058735,0.115853,9.427676
0.828176,-0.139941,9.714442
-0.055714,-0.519257,10.270370
0.449647,0.330353,10.922293
1.471676,1.088559,10.942940
1.632264,0.769676,11.249205
-1.045200,0.081343,11.589686
-3.600618,0.380824,10.368264
-4.482708,2.011941,10.502469
-1.521000,1.907657,9.902658
-0.597618,2.826354,8.396470
-0.956647,3.857558,7.350352
-0.966086,3.463200,7.274056
-0.707735,3.952765,7.150765
-0.505853,4.494176,7.829823
0.417857,4.828198,9.692059
-0.090618,5.690558,10.578176
-0.598765,6.708001,8.058087
-2.474829,5.061085,10.768457
-1.740088,3.764647,9.685766
-0.138794,0.607941,8.198030
-0.473735,0.564353,10.114764
-0.638486,1.977857,9.118198
-0.052765,0.777706,9.557292
-0.215647,0.345265,9.483881
0.027857,0.517029,9.523798
0.621706,0.310853,9.287733
0.852265,0.334941,9.700676
0.470229,0.050143,9.852515
0.300529,0.004588,10.630942
1.369588,0.755912,11.196438
1.778400,0.845743,11.772429
-0.283324,-0.170912,12.583235
-2.984648,0.498970,10.291410
-2.795382,1.897235,10.215707
-0.708686,1.825200,10.059772
-1.097735,2.790794,8.079884
-0.680206,3.348266,7.351498
-0.212829,3.825342,7.148144
-0.653823,4.171853,6.931678
0.039000,4.967913,7.610734
0.198343,4.673315,10.527776
0.145676,5.712353,10.230617
-1.145912,5.482940,10.931471
-1.543941,4.104177,7.284972
-0.987257,1.971171,10.275945
0.192706,0.254647,9.013587
0.309706,1.573765,9.365733
0.373286,1.391743,9.442458
0.028676,0.536824,9.082412
0.033265,0.593029,9.225794
0.430114,0.664114,9.358888
0.507000,0.286765,9.348530
-0.269559,0.624000,10.550649
0.858000,0.094714,11.127257
1.211294,1.187206,11.513026
1.274382,-0.219088,12.273529
-3.053143,-0.365486,10.983512
-3.823147,1.538206,10.907381
-1.136735,1.839882,10.426765
-1.197857,2.207400,8.605629
-1.284706,2.936470,7.475383
-0.551735,2.709353,7.601560
-0.483600,2.922772,7.524773
-0.809824,3.516883,7.976648
-0.190412,4.662795,10.380881
-0.021794,5.058530,11.347853
0.099171,6.664543,7.046743
-0.948618,5.122765,10.636676
-2.430619,2.858470,10.539179
-0.717600,0.773314,7.538145
-0.461118,0.055059,10.440531
-0.393441,1.686176,9.217763
0.373941,0.613676,9.238411
0.013371,0.196114,9.198426
0.555176,0.710029,9.213176
0.625147,0.017206,9.256764
0.010029,0.200571,10.129972
0.199588,0.186971,10.847737
1.963764,0.344118,11.437328
0.760500,0.377812,13.101560
-1.829559,-0.504706,11.547444
-4.463829,1.629086,10.421916
-1.569176,1.701088,10.206532
-1.027764,2.057824,9.139765
-1.140177,2.835529,7.278088
-0.730676,3.005294,6.881206
-0.693086,3.496629,6.777085
-1.031206,3.573089,7.128970
0.291353,4.902531,9.499944
-0.119229,5.860029,13.294542
0.126177,7.442119,6.845648
-1.592117,3.766941,10.798415
-1.616828,2.978486,9.696512
-0.099794,-0.913059,9.123707
-1.042676,1.229647,9.789000
-0.108086,1.390629,9.404569
0.105529,0.053912,9.128295
0.011471,0.214500,8.836943
0.769677,0.457676,9.096178
0.736543,0.452400,9.796803
-0.196147,-0.121588,10.729586
1.562294,0.347559,11.371944
1.102028,1.123200,11.872714
-0.773118,-0.394588,12.294176
-4.154646,0.877500,11.014061
-2.864829,2.152800,10.960113
-1.096588,1.966059,9.762616
-1.049559,2.576294,7.254002
-1.090886,3.446486,6.549772
-0.543706,3.858706,6.597883
-0.669882,3.987177,6.543971
-0.061941,5.061971,8.839235
0.276441,5.266148,13.048940
-0.462265,8.116590,8.012206
-1.476429,4.502828,10.678200
-2.517794,3.056911,9.600883
-0.000000,-0.522600,9.196199
-1.258323,0.893559,9.611205
-0.445059,1.471677,9.459794
0.375088,0.391147,9.240705
0.459086,0.259629,8.958860
0.259235,0.663000,9.271678
1.044971,0.289059,9.448321
0.823457,0.060171,10.038599
0.185824,0.028676,11.062237
1.443000,0.743294,11.391442
1.623514,0.725400,12.086656
-0.845382,-0.766235,12.194380
-4.109911,1.274382,10.089530
-1.995686,1.710428,10.647001
-0.704294,1.997029,10.198500
-1.172294,2.744912,7.491443
-0.574971,3.029742,6.847286
-0.321176,3.441176,6.199852
-0.872912,4.160383,6.453353
0.324257,5.013172,9.353315
-0.222529,5.269589,12.252885
-0.235147,7.346912,8.198027
-0.907029,4.658830,11.101627
-2.512059,2.670353,9.565323
-0.118147,0.242029,8.662590
-0.447943,0.873600,9.648596
-0.383118,1.603588,9.131734
0.239735,0.632029,9.263649
0.220235,0.572382,9.069797
0.199457,0.769971,9.264171
0.271853,0.369353,9.286588
-0.035559,0.260382,10.050528
0.592800,0.270771,11.072659
2.253970,0.498971,11.340971
0.961235,0.446206,12.541944
-1.362771,-0.922628,11.678828
-4.370293,0.882088,10.127381
-3.109676,1.839883,10.295999
-1.001743,1.905428,9.869227
-1.314529,2.463882,7.649735
-1.129853,3.007588,6.733234
-0.624000,3.194657,6.851742
-0.782294,3.740559,7.217293
-0.047029,5.029853,8.958531
0.293057,5.389799,12.076627
0.404912,6.572648,8.748618
-1.187206,5.388884,9.984000
-3.584558,3.083294,10.578178
0.043457,0.354343,8.132058
-0.734118,0.208765,10.206526
-1.231941,1.033500,9.115678
0.316457,0.326486,9.211802
0.464559,0.312000,9.017030
0.635471,0.615971,9.124853
0.473572,0.073543,9.222944
0.002294,0.190412,10.385471
0.736412,-0.113559,10.929177
1.865314,0.732086,11.554030
0.812118,0.160588,12.493764
-2.116323,-0.921088,12.008557
-3.942442,0.921088,10.368263
-2.295429,1.365000,10.541142
-1.693059,1.828412,9.494207
-1.056546,3.012455,7.627455
-0.679059,3.289765,7.359531
-0.632914,3.605829,6.186515
-0.557471,4.154647,6.311118
0.420971,4.830265,8.638497
-0.060171,5.668373,11.516143
-0.383118,6.972971,9.300354
-1.917882,5.577000,11.363914
-1.987886,3.329486,8.479714
0.135353,0.503559,8.936737
-0.751323,0.705441,10.103294
-0.617314,1.223486,9.098145
0.018909,0.200909,9.367091
-0.111429,-0.069086,9.239656
0.227118,0.465706,9.529762
0.825882,0.206471,9.482733
0.439029,0.367714,9.765602
0.047029,-0.120441,10.220293
0.593029,0.060794,10.503619
1.051886,1.074171,10.664830
0.565500,-0.283324,12.328589
-2.969736,-0.088323,11.625439
-4.810371,1.861972,11.422541
-1.865117,1.773353,10.768587
-1.303059,2.281500,8.477912
-1.014000,3.199115,6.510770
-1.102324,3.685500,6.886942
-0.627441,4.130558,6.761910
-0.262971,4.616486,7.310829
0.632029,5.021822,10.146882
-0.391147,6.084000,11.264116
-0.829029,7.121400,6.871800
-3.077559,5.043618,12.648617
-0.658412,2.992677,7.957148
-0.044571,0.089143,9.529373
-1.703382,0.806383,9.826853
-0.372794,1.205559,9.252176
0.087176,0.042441,9.544672
-0.213943,0.103629,9.504856
0.290206,0.239735,9.504528
0.777706,-0.008029,9.598588
0.577200,0.179400,9.756687
0.030971,-0.606794,10.063148
0.230559,0.123882,10.644707
1.503172,1.009543,10.955661
0.390000,0.611382,12.434122
-1.283559,0.243176,11.131056
-2.941715,2.333314,10.572342
-1.992441,1.974088,9.871588
-1.377618,2.529265,9.046853
-0.829324,3.529501,7.702499
-0.813429,3.235886,7.771029
-0.714618,3.532942,7.440973
-0.705441,4.075500,7.555676
-0.306429,4.625401,8.188887
0.061941,4.722441,9.511410
-0.535676,5.582735,9.958764
-1.156628,6.625542,11.593030
-2.483382,3.804793,7.811471
0.342971,3.100500,9.330177
-0.142629,-0.159343,10.282629
-2.128941,1.250294,8.885118
-0.359029,0.760500,10.060850
0.608400,0.262971,9.848057
0.448500,0.440471,9.613502
0.049324,0.152559,9.958767
0.692823,-0.196147,9.728207
0.495857,-0.325371,9.756686
0.261529,-0.037853,10.000060
0.390000,0.208765,10.279943
0.482912,0.735265,10.199648
1.147714,0.680829,10.485428
0.625147,0.765088,11.975296
-0.625147,-0.489794,11.884678
-3.874371,1.235743,10.482083
-1.847912,1.152794,9.970235
-0.829324,2.028000,10.242089
-1.042972,3.309429,7.676313
-0.941735,3.288618,7.224178
-0.727235,3.340235,6.983294
-0.420086,4.017000,6.710228
0.240882,4.841736,7.906676
0.269559,5.334970,10.400381
-0.033429,5.770887,11.330056
0.082588,7.216145,6.502678
-1.810059,5.346440,11.587589
-1.297028,2.553942,9.006770
-0.425559,0.895853,8.991794
-0.766235,0.481765,9.654797
-0.050143,1.488686,9.140488
-0.203029,0.199588,9.420795
-0.480617,0.151412,9.080118
0.478324,0.425559,9.558438
1.081972,0.254057,9.469195
0.582706,0.715765,9.740823
-0.050471,0.027529,10.289118
0.964971,0.461314,11.020285
1.258323,1.227353,11.603649
0.089470,-0.336088,12.631411
-3.289372,0.063514,10.728343
-3.336938,1.907344,11.084535
-1.313743,1.951115,10.371771
-0.673323,1.972941,8.098235
-0.789176,2.993824,6.771088
-1.050771,3.284914,6.831687
-0.731824,3.561618,6.591001
-0.383118,4.591677,7.510941
0.134829,4.896171,10.944515
-0.387706,5.776589,11.051911
-0.979588,6.693089,9.249885
-2.037176,4.405852,10.048239
-1.191171,1.743857,8.832944
0.237441,-0.457676,9.852087
-1.082824,1.549677,9.092731
0.131486,0.832372,9.374485
0.189265,0.185824,8.976882
0.083735,0.661853,9.117971
0.294794,0.375088,9.153530
0.375514,0.358800,10.020773
0.253500,0.088324,11.227411
2.015383,0.245471,11.502707
0.608400,0.778886,12.437657
-1.782529,-0.696265,11.479770
-4.956442,1.397117,10.649295
-1.788429,1.759457,10.214659
-1.017441,1.646029,9.129440
-1.291588,2.630206,7.264324
-1.074171,3.017486,7.062343
-0.877500,3.410207,7.041794
-0.847676,4.046823,7.173706
0.300857,5.240486,9.568372
-0.115853,4.705236,13.130383
-0.477176,7.828676,8.055793
-1.285886,4.394742,9.971744
-1.980971,2.140412,9.286587
-0.025235,0.108971,9.202852
-1.120971,1.362772,9.598455
0.170912,1.113794,9.253324
0.355588,0.131912,9.039968
-0.056206,0.367059,8.909205
0.496971,0.343200,9.053573
0.667588,0.289059,10.099852
-0.019500,0.238588,10.823647
2.300999,0.669686,11.178513
0.573529,0.984176,12.307944
-1.433824,-0.627441,12.109499
-3.824294,1.225059,10.653883
-2.215201,2.017972,10.883228
-1.343206,1.538206,9.459795
-1.252588,2.365236,7.114058
-0.706457,3.296057,6.626657
-0.713471,3.900001,6.307675
-0.466853,4.373736,6.720616
0.313114,6.137486,10.768455
-0.137647,6.507265,11.901882
-0.708882,6.884647,9.598589
-1.836343,2.619685,8.245714
-0.744441,1.416618,9.772939
-0.197294,0.301676,9.593998
-0.702000,1.939971,9.197316
0.213353,0.245470,9.226941
-0.165177,0.126176,8.753208
0.213943,0.515914,9.289801
0.332647,0.246618,9.486175
0.191559,0.404912,10.407266
0.610629,0.276343,10.753972
1.922471,0.778853,10.804146
0.227118,0.646941,11.966123
-2.342228,-0.483600,12.005314
-4.901382,1.758441,11.579561
-2.119765,2.104853,10.478380
-0.885857,1.573372,8.519828
-1.072500,3.048882,7.218441
-1.080529,3.391853,7.013115
-0.862457,3.741772,6.540857
-0.301677,4.653617,7.410001
0.840794,4.728177,10.029884
-0.134206,5.643529,11.438469
-1.400657,7.442314,11.190770
-1.501500,4.189060,7.564853
-1.472823,2.151883,9.509118
0.052371,-0.597257,9.702083
-1.553118,1.344353,9.062913
-0.349853,1.004824,9.689206
0.417857,0.006686,9.229628
0.477176,0.341824,9.107650
0.654971,0.446206,9.238412
0.820147,0.353294,9.626120
-0.106971,0.025629,10.476513
0.934853,0.086029,11.008323
1.751559,1.199824,11.558913
0.353229,0.219514,12.679461
-4.226911,0.185824,11.268708
-3.618969,1.909853,10.765146
-1.426286,1.785085,10.069798
-1.239970,2.463882,8.144117
-0.660706,3.340235,6.816970
-0.499200,4.012543,6.245574
-0.359029,4.443707,5.799530
0.336088,5.206501,7.887177
-0.374156,4.793344,13.103998
-0.855706,8.175089,9.416207
-0.966086,5.521285,9.834686
-2.014235,3.023648,8.741734
-0.523059,1.067912,8.976882
-0.703114,0.139286,9.938315
-0.412941,1.922471,9.007853
0.714618,0.573529,9.382939
0.336514,0.248486,8.895346
0.254647,0.586147,9.184502
0.769677,0.337235,9.318704
0.431229,0.385543,9.946115
0.184676,-0.005735,10.768589
1.618500,0.574676,11.431588
0.571629,0.742114,12.051000
-1.795147,-0.739853,11.734411
-4.173000,1.326000,10.674533
-2.273471,2.229883,10.354499
-1.361658,2.009057,9.771174
-1.070206,3.084442,7.668087
-0.760500,3.506560,7.050970
-0.772200,3.471000,6.465086
-0.719206,3.916059,6.892677
0.027529,4.706381,9.239559
0.044571,5.043257,11.962973
-0.128471,6.885795,9.010146
-1.031206,6.174618,10.075767
-2.314372,3.694972,8.385000
-0.711176,1.455618,9.197117
-0.883235,-0.235147,9.877325
-1.319117,2.007353,9.443733
0.287486,1.203429,9.766715
0.236294,0.170912,9.147794
-0.271853,0.447353,9.311823
0.039000,0.195000,9.315432
0.461118,0.044735,9.673147
0.225971,0.049323,10.013823
0.654086,-0.125914,10.700490
1.317970,0.845382,11.031266
0.942882,1.183764,11.367350
-1.056343,-0.210600,11.512804
-3.844941,0.932559,10.716972
-3.357441,2.259706,10.517381
-1.487571,1.961143,9.852512
-1.248000,2.451265,8.071854
-1.026618,3.835765,7.124382
-0.770824,4.194795,7.272352
-0.028971,4.960800,6.626656
0.802941,4.465501,8.056941
-0.517324,5.072294,10.788086
-0.583886,7.090200,9.951685
-1.726324,6.070236,8.740591
-1.651765,4.649031,8.988353
-0.840172,3.135600,9.279773
-0.371647,-0.175500,9.520591
-1.417765,1.035794,9.288880
-0.503657,1.168886,9.480342
0.069971,0.182382,9.568765
0.250059,0.223676,9.460943
0.453514,0.237343,9.556112
0.710029,0.084882,9.548117
0.468000,0.240882,9.884205
0.459971,0.066529,10.232913
1.421828,0.595029,10.967915
1.242265,1.106912,11.358177
-0.252353,0.060794,12.672707
-2.897142,0.005571,11.250943
-3.042001,2.218412,10.844295
-1.657500,1.561147,10.317793
-1.199824,2.080765,7.934204
-0.329829,3.316115,6.497401
-0.074559,4.278530,5.799529
-0.379676,4.400119,6.155118
0.375514,4.540714,9.102601
-0.673323,5.917677,13.511208
0.091765,7.362972,6.984441
-1.668086,5.129057,10.867630
-1.889206,3.111970,9.168441
0.091765,-0.048176,9.137470
-0.960514,1.078629,9.483686
-0.614824,1.229647,9.399002
0.439324,0.270706,9.051443
0.023400,0.164914,9.153861
0.441618,0.550588,9.215469
0.560912,0.318882,9.086998
-0.015600,0.420086,10.492112
0.454235,0.106677,10.843148
1.649471,0.516176,11.227413
0.488647,0.351000,12.599291
-2.443628,-0.457972,11.283259
-4.837148,1.694206,10.870678
-1.531323,1.751559,10.767443
-1.176685,1.992343,9.215142
-1.414323,3.027088,7.100292
-0.526500,3.302383,6.755029
-0.513686,3.837600,5.939144
-0.165176,4.293440,6.984441
0.144529,5.263854,11.586441
-0.290829,7.242856,11.424770
-0.523059,6.418940,7.976646
-3.010312,2.839688,10.270407
-0.722057,1.502058,8.788371
-0.345265,0.064235,9.823410
-1.118382,1.558853,9.441443
0.082457,0.713143,9.142715
0.345265,0.147971,8.957382
0.594176,0.665294,9.077826
0.609514,0.440143,9.208456
0.273000,0.331500,9.775237
0.118147,0.033265,10.423326
1.526572,0.413400,11.244255
1.336324,0.950912,12.132443
-0.874059,-0.384265,11.796354
-4.463828,1.061914,10.829744
-3.019059,2.249382,10.610295
-1.309941,2.133529,9.818823
-1.164265,2.696736,7.856205
-0.903686,3.253715,6.944228
-0.642353,3.531793,6.631146
-0.552882,3.813971,6.643764
0.066857,4.676657,8.929886
0.123882,4.887618,11.826178
-0.103235,6.748147,9.415056
-1.714886,5.590373,10.743942
-2.497147,3.549000,8.555913
0.189265,0.134206,9.031942
-1.333800,0.991714,9.892628
-1.323706,1.784823,9.527471
0.292500,0.459970,9.551559
0.141514,0.219514,9.426854
-0.005735,0.654970,9.419646
0.385412,0.242029,9.526325
0.464657,-0.120343,9.699856
-0.058500,-0.533382,10.236353
0.396882,0.501265,11.220530
1.054114,0.910372,11.354572
-0.141088,-0.103235,12.072794
-1.363853,-0.051618,10.719266
-4.086971,2.208089,10.169825
-2.284286,1.538828,9.657516
-0.824735,2.926147,8.881678
-0.907324,3.820853,7.488002
-1.194514,4.096114,7.203857
-0.700853,4.010118,6.944294
-0.568941,4.544648,7.373294
0.169371,5.093400,9.060260
0.079147,5.068853,11.086324
-0.300529,6.607059,8.943618
-1.773353,6.422381,9.482736
-2.597400,4.505057,8.703686
-0.107824,1.415471,8.991795
-1.211294,-0.142235,9.753444
-1.434086,1.177800,9.775630
0.100941,1.399412,9.649060
0.270706,0.472588,9.707557
0.115886,0.897000,9.393427
0.457676,0.521912,9.408178
1.053000,0.107824,9.215471
0.763285,0.266314,9.448029
0.527647,-0.243176,9.972528
0.636618,-0.134206,10.872972
1.097571,1.048543,11.035885
1.190647,0.677912,11.268706
-1.135588,-0.110118,11.981030
-4.016999,0.869143,10.936716
-3.713030,2.164500,10.291411
-1.444147,1.984412,9.939267
-1.044086,2.699914,8.182199
-1.246853,3.527206,7.381325
-0.925676,4.103029,6.282442
-0.529941,4.364559,6.301943
-0.265200,5.512372,7.385487
0.284471,5.415264,11.024382
-0.979588,7.327412,10.595380
-1.836343,6.233317,9.687600
-3.097059,3.978001,8.844972
-0.424412,0.963530,9.092735
-0.856853,-0.295941,9.660531
-1.194514,1.458600,9.400119
0.033265,1.053000,9.208591
0.386559,0.643500,9.253324
0.095829,0.966086,9.246343
0.462265,0.408353,9.338206
0.541412,0.220235,9.550412
-0.095829,0.314228,10.433055
1.000235,0.114706,11.149414
1.915588,0.856853,11.485498
0.457971,0.310886,12.494485
-2.958265,-0.034412,10.744500
-3.282883,1.632265,10.258148
-0.917647,2.543029,10.189323
-1.045200,2.334429,8.800628
-0.937147,2.943352,6.971823
-0.822441,2.976618,7.479971
-0.699772,3.355114,7.102458
-0.574677,3.505411,7.663501
0.130765,4.646735,10.115913
-0.173829,4.731257,13.122943
1.259470,6.566913,5.878677
-0.036706,4.658206,9.326735
-2.923742,1.333549,13.180744
-0.317735,0.593029,6.152823
-0.400028,1.348286,11.025858
-0.160588,1.391383,9.236118
0.219088,0.632029,9.116823
0.148200,0.763286,8.974456
0.357882,0.754765,9.017030
0.156000,0.457677,9.355413
-0.397800,0.195000,10.703830
1.838736,0.110118,11.272148
1.066765,1.015147,11.841087
-0.364371,-0.919286,11.814773
-4.249854,0.251206,10.878710
-3.889677,1.938529,10.786942
-1.369457,1.918800,10.058658
-1.504941,2.260853,8.234736
-1.314530,3.278295,7.243677
-1.032353,3.177353,7.158794
-0.920400,3.388543,6.872915
-0.411794,4.090413,7.781649
0.105529,5.137676,11.101233
-0.149314,6.242228,11.356802
-0.559765,6.006002,9.010149
-3.411353,3.655676,8.919528
-0.247765,1.741235,9.397852
-0.117000,-0.016714,10.010744
-1.470530,1.995883,9.439150
0.221382,1.073647,9.376060
0.098057,0.325371,8.985600
0.259235,0.879794,9.263646
0.871765,0.765088,9.223500
0.583886,0.293057,9.630773
-0.465706,0.026382,10.627500
1.765324,0.509294,11.291647
1.444114,1.283657,11.525059
-0.433588,-0.009176,11.774558
-3.325323,0.080294,11.154003
-3.925236,2.180559,10.923443
-1.289229,2.292086,9.602917
-1.019909,2.464091,7.919363
-0.917647,3.366617,7.045236
-0.868323,3.725647,7.178294
-0.677912,3.511147,6.999353
-0.313114,4.471629,8.142085
0.263823,4.831412,10.633238
-0.254647,6.226236,11.540557
-0.391114,6.484028,8.294744
-3.222089,3.604058,10.224882
-0.446206,1.108059,9.480440
-0.993943,-0.290829,9.648599
-1.509530,1.376470,9.565325
0.229412,0.487500,9.314119
0.221743,0.092486,9.075858
0.854559,0.830471,9.377203
1.288147,0.551735,9.332467
0.834600,0.420086,9.631886
0.130765,0.029824,10.633236
1.374176,0.546000,11.475177
1.234235,1.096588,12.304497
-1.233514,-0.315343,11.566287
-4.135147,1.367294,10.491001
-2.391618,2.143852,10.354502
-1.319314,2.253086,9.298712
-1.150500,3.054618,7.544207
-1.200971,3.562765,7.232205
-0.940457,3.751800,6.689059
-0.832765,4.066323,7.108322
-0.393441,4.989706,9.195973
-0.444600,5.413198,11.630916
-1.569177,7.323973,10.664206
-1.588677,5.036736,8.538706
-1.858235,3.685501,8.456117
0.063514,0.046800,10.224684
-1.079382,0.625147,8.960824
-0.774265,1.124117,9.460943
0.121457,0.336514,9.491483
0.456529,0.223676,9.380648
0.297088,0.518471,9.535498
0.430114,0.269657,9.491486
0.260382,0.422118,9.816530
-0.013765,0.203029,10.364822
0.725400,0.039000,10.750631
0.866030,0.651529,11.056499
0.496677,0.063088,12.404299
-1.849714,-0.527057,11.447057
-3.859852,1.557706,10.095267
-1.393677,1.916736,9.950735
-0.956647,2.155323,9.740822
-1.372800,2.728886,7.580486
-0.977294,2.961705,7.515530
-0.897000,2.990382,7.423765
-1.084200,3.719485,7.158171
-0.024088,4.389795,8.608679
-0.353294,4.446001,11.534822
0.080229,6.250029,10.360630
-0.009176,6.051882,8.715355
-1.847912,3.660265,9.566469
-1.042677,2.149588,9.587119
-0.236229,-0.462429,9.172802
-0.690529,1.542794,9.721323
0.039000,1.234552,9.490447
0.114706,0.518470,9.121413
0.404912,0.578118,9.362294
0.491400,0.638486,9.374482
0.151412,0.336088,9.731646
-0.123882,0.337235,10.242087
0.447943,0.195000,10.699373
1.178030,0.597618,10.682561
0.651529,0.312000,11.521059
-0.445714,-0.708686,11.741227
-3.537530,0.427853,10.354500
-2.603824,2.075030,10.361382
-1.186714,2.414657,10.311600
-1.363853,2.551058,8.298971
-0.846529,2.727706,6.994766
-1.119857,2.835858,7.462370
-1.179176,3.109676,7.897500
-0.684794,3.365470,8.256530
-0.142235,4.649030,10.153765
0.329829,4.914000,11.308886
0.440470,6.300794,6.516443
-0.930265,5.197324,12.697944
-2.878201,3.834258,8.040685
-0.005735,1.083970,8.975737
-0.682500,0.469147,10.185885
-1.234628,1.898743,9.404571
-0.404912,0.665294,9.744264
-0.307412,0.008029,9.307236
0.035559,0.367059,9.489617
-0.035657,-0.014486,9.521570
-0.510441,-0.008029,10.033322
-0.403765,-0.128471,10.013823
0.654086,-0.274114,10.646998
0.978441,0.726088,10.799558
0.712324,0.660706,11.514175
-1.493143,-0.043457,11.289944
-2.582029,0.440471,10.400383
-4.038794,2.201205,10.329266
-1.279200,2.694343,10.163401
-0.295941,3.543265,8.391884
-0.259235,3.997500,6.944294
-0.063514,4.154058,6.423860
-0.310853,4.741940,6.367323
-0.375088,5.221412,7.775910
1.005086,5.085600,10.531117
-0.713470,7.283824,10.372851
-1.462500,6.932823,6.787148
-3.141172,4.010315,11.576314
-0.223677,3.286323,9.320999
-0.455382,-0.484059,8.718795
-1.800686,0.304200,10.313828
-1.409736,1.105765,9.215471
-0.229412,-0.045882,9.824559
0.278735,-0.020647,9.545821
0.538200,0.137057,9.653057
0.427853,0.074559,9.747705
0.547147,0.468000,9.736234
0.690857,0.036771,9.870343
-0.097500,-0.104382,10.298295
0.879794,0.799500,10.671089
1.128772,0.556029,11.031426
-0.524206,-0.121588,12.268943
-1.904117,-0.321176,10.540323
-3.807515,2.014628,10.587939
-1.706824,1.799735,10.720412
-1.159677,2.600382,9.431119
-0.685286,3.528943,7.338685
-0.610235,3.680911,6.703413
-0.626294,3.608648,6.275558
-0.260743,3.941228,6.791572
0.027529,4.810764,9.269384
-0.381971,4.161529,12.952589
-0.359914,6.432771,8.250171
-0.092912,6.188383,7.449000
-2.473059,4.074352,11.343263
-0.838500,3.542119,8.553617
-0.195000,-0.364371,9.419057
-1.375324,0.874059,10.261588
-0.659559,1.845617,9.589413
0.174943,0.100286,9.766714
0.039000,-0.150265,9.351974
0.281029,0.503559,9.428824
0.768857,0.199457,9.549426
0.677912,0.286765,9.789001
0.591882,0.150265,9.769501
0.498086,0.076886,10.308255
0.869470,1.073647,10.649293
0.944030,0.869471,11.222826
-0.067676,-0.320029,12.531623
-2.128286,-0.137057,10.813026
-4.319823,2.060117,10.245528
-1.592118,1.644882,10.413002
-0.966086,2.755629,8.873055
-0.906177,3.293205,7.627942
-0.913059,3.029382,7.408854
-0.577200,2.977371,7.404431
-0.684794,3.352853,7.397381
-0.298235,4.970207,8.873647
0.167143,4.937400,10.543370
-0.289059,5.589619,9.592854
-0.771469,6.322875,7.779282
-2.834383,4.355382,12.147354
-2.715089,4.626089,8.716499
1.244657,0.209486,8.597829
-0.929118,0.052765,10.404972
-2.110588,1.465941,9.402443
-0.394457,0.412286,9.943888
-0.053912,-0.307412,9.709852
-0.029824,-0.039000,9.724764
0.421200,-0.556029,9.989573
1.194088,-0.346412,9.865854
1.026618,0.026382,9.568765
0.732086,-0.124800,9.577286
0.352147,0.067676,9.957616
0.167471,0.419824,10.198498
0.221743,0.683057,10.272598
0.649235,0.737559,11.379973
1.374177,-0.595324,11.772264
-2.709943,0.500314,10.581256
-3.755471,1.293882,10.825941
-0.923382,1.367294,11.233147
-0.914828,2.741143,9.541628
-0.685941,2.889441,7.551087
-0.003441,3.547853,6.155118
0.088029,4.349058,5.949172
0.123882,5.034441,6.465971
0.172059,5.563235,9.390968
-0.504706,5.485235,12.186352
-2.228572,7.705286,8.771656
-1.713706,5.027559,10.507058
-0.564353,2.514353,7.434088
-0.322029,0.221743,10.037483
-1.359265,0.654971,9.582531
0.228265,1.525588,9.267090
0.337629,0.551572,9.765599
-0.274147,0.515029,9.286586
0.213353,0.410647,9.456355
0.673029,0.024514,9.359999
0.243177,0.613676,9.660529
0.069971,0.166324,9.837179
1.440771,0.223971,10.597970
1.181471,0.883235,11.354733
0.040147,-0.022941,12.711708
-2.158371,-0.802286,11.194116
-4.123676,1.493470,10.325825
-2.288382,1.493470,10.711235
-1.221257,2.048057,9.796800
-0.665294,3.489353,7.434088
-0.310853,3.453794,6.772235
-0.329829,3.911144,6.082886
-0.480618,4.058294,6.484324
-0.206471,4.637559,9.295764
-0.509229,4.039286,12.653831
0.150265,6.748147,8.436617
-0.238588,6.273266,7.251707
-3.666000,5.136857,13.166399
-0.128471,2.173676,6.756177
0.024088,-0.337235,9.954174
-1.267500,0.624000,9.828001
-0.187200,0.895886,9.107055
-0.002294,0.119294,9.608913
0.104382,-0.113559,9.178763
0.121457,0.053486,9.499285
0.118147,0.217941,9.814238
-0.215647,0.439324,10.359086
1.276971,0.230657,10.488774
1.467088,0.775412,11.625443
0.268412,-0.121588,12.750708
-3.019714,-0.236229,10.704943
-3.941294,1.916736,10.558676
-1.376470,1.899529,10.289116
-1.409735,2.011941,9.027353
-1.424057,2.618572,7.354286
-0.778853,3.234706,7.076206
-0.574676,3.640765,6.632294
-0.485828,4.491684,7.099116
0.356735,5.382001,10.746793
-0.505853,6.280147,12.263206
-0.922629,6.606598,8.637943
-2.590059,4.371442,8.530677
-0.847677,1.914441,10.296001
-0.411171,-0.517029,9.264173
-1.221618,1.251441,9.446033
-0.134206,1.264059,9.446031
0.427886,0.280800,9.136029
0.466853,0.775412,9.177617
0.485206,0.746735,9.174175
0.415629,0.264086,9.391199
-0.183529,0.574676,10.357944
1.156235,-0.076853,11.090916
1.145486,0.958286,11.526175
0.342970,-0.463412,12.663530
-3.546706,0.019500,10.885589
-3.930085,1.811829,10.484314
-1.309941,1.617353,10.260444
-1.377618,2.138118,8.599499
-1.369457,3.211371,7.287428
-1.018588,3.211765,6.907589
-0.574676,3.934412,6.347823
-0.331500,4.561854,7.310206
0.026000,5.022727,11.510910
-0.635471,6.874325,10.918858
-1.531028,5.660570,11.019171
-2.344588,4.900235,6.655236
0.396882,0.438177,10.502470
-1.217914,0.306429,9.193971
-0.923382,1.390236,9.206295
0.523059,0.751323,9.694939
0.637372,0.459086,8.846313
0.094059,0.726088,9.243004
0.207618,0.470294,9.292326
0.216171,0.509228,9.648602
0.189265,0.344118,10.774323
2.083059,0.404912,11.274439
1.154400,1.139914,11.926198
-0.970412,-0.488647,12.101473
-4.416176,0.615971,10.924590
-2.815799,2.140543,10.358400
-1.306500,1.858235,9.594000
-1.585235,2.139265,7.855060
-1.327114,2.893800,7.073485
-1.204412,3.576529,7.236794
-0.877500,3.764647,7.349204
-0.148200,4.312286,8.477489
0.472588,4.966763,11.377677
-0.325765,6.944293,10.168675
-1.167772,5.921312,10.898829
-1.850206,3.228970,7.255147
-0.776559,0.698559,10.018409
-0.728743,0.391114,9.452482
-0.063088,1.943118,9.269384
0.786882,0.832765,9.494209
0.151543,0.143743,9.010117
-0.170912,0.679059,9.381794
0.297088,0.416382,9.412765
0.181629,0.411171,9.913802
0.051618,0.027529,10.485265
1.314530,0.630882,10.851173
0.577200,0.796714,11.279914
-0.798353,-0.149118,12.324001
-2.830941,0.145676,10.363678
-3.498857,2.423572,10.506602
-0.971559,2.474206,10.425618
-0.949765,2.576295,8.680943
-0.451941,3.120000,7.104882
-0.664114,3.727286,6.885171
-0.498971,3.990618,6.649500
-0.344118,4.334735,7.801147
0.279686,4.886142,10.428599
-0.300529,6.155119,11.561204
-1.405147,7.523558,8.900029
-1.294800,3.681600,9.033511
-1.892647,2.245942,9.572207
-0.606794,-0.817853,9.146647
-0.884743,1.200086,9.657516
-0.239735,1.142471,9.290029
0.102088,0.267265,9.152384
0.109200,0.464657,9.287573
0.790324,0.716912,9.407028
0.823588,0.394588,9.397854
0.223676,0.410647,9.901408
0.367714,-0.032314,10.808571
1.268647,0.950912,11.094353
0.886971,0.511457,12.053230
-1.281265,-0.698559,12.304502
-3.446912,0.570088,10.412999
-3.317295,2.056676,10.338442
-1.314857,1.739400,9.977314
-1.223912,2.444382,7.907825
-1.158529,2.886000,7.016560
-1.195629,3.723943,6.803828
-0.796059,4.018148,6.721762
0.174353,4.560707,8.709618
0.127029,4.469400,12.502288
-0.406059,7.523560,8.789915
-0.911912,4.994294,9.097324
-2.319944,2.404629,11.207486
-0.719206,0.611382,7.699058
-0.821294,0.996794,10.238647
-0.397800,1.250228,9.368913
0.057353,0.395735,9.267088
0.137647,0.205324,9.139767
0.621706,0.870618,9.364588
0.743229,0.423429,9.484798
0.035559,0.263824,9.903708
0.249600,-0.310886,10.714971
1.031206,0.518471,11.160883
0.793765,0.604500,11.812412
-1.553118,-0.425559,11.159737
-3.758486,1.165543,10.826404
-3.752029,2.282647,10.284532
-1.455617,2.173676,9.880765
-0.989486,2.740029,8.077458
-1.525588,3.391852,7.236794
-1.105765,3.671735,7.379030
-0.865800,3.931202,7.335345
-0.558618,4.707529,8.425148
0.329206,4.532031,10.435940
-0.799500,5.722676,10.533441
-1.084200,6.440572,7.153717
-2.520375,4.248562,11.018721
-1.323706,3.154412,9.545824
-0.485206,0.354441,8.591473
-0.987257,0.647400,10.094316
-0.898147,1.228500,9.467823
-0.398029,0.385412,9.668556
-0.413400,0.002229,9.586201
0.242029,0.080294,9.583675
0.409500,-0.030971,9.714443
0.759943,0.134829,9.686484
0.532235,-0.197294,10.266176
0.229412,-0.107824,10.328117
0.929314,0.560486,11.100515
1.287000,0.739853,10.632090
-0.482912,0.817853,11.706882
-1.031829,-0.444600,10.845344
-3.982588,2.135824,10.881001
-2.265442,2.085353,10.219145
-1.005086,2.326629,8.770542
-0.813265,3.239295,7.395089
-0.874059,3.911470,7.100294
-0.632914,3.910028,6.794914
-0.689382,4.568736,7.497175
0.331500,5.092941,9.397853
-0.234000,5.406089,11.390293
-0.564943,6.712457,7.909202
-1.829559,5.606822,10.024146
-2.341147,3.222088,9.886500
-0.816772,1.036286,8.694773
-0.568941,-0.150265,9.763766
-0.715765,1.267500,9.361149
0.088029,0.865800,9.375598
0.422118,0.643500,9.401293
0.741000,0.780000,9.293144
0.599912,0.426706,9.292324
0.166324,0.369353,9.686912
0.081343,0.232886,10.652574
1.172294,0.075706,10.821350
1.063323,0.880941,11.401764
0.327600,0.238457,12.455483
-2.587765,-0.178941,10.620614
-3.289764,2.128942,10.853473
-1.578943,2.062543,10.634745
-1.379912,2.016530,8.241616
-1.390235,2.895176,6.876618
-0.852265,3.274853,7.227619
-0.813429,3.381857,6.843943
-0.301676,4.496470,7.715117
-0.061941,5.049352,10.872970
-0.426771,6.075087,11.325602
-0.136500,5.579294,10.089527
-2.166795,3.545559,8.237030
0.452400,-0.061286,9.838027
-1.315677,1.262912,9.298059
-0.403765,1.703382,9.340497
0.645171,0.226200,9.137144
-0.137647,0.129618,8.880532
0.236294,0.504706,9.162705
0.373286,0.319800,9.514887
-0.122735,0.050471,10.520825
0.759353,-0.263824,10.977355
0.791143,1.252457,11.172948
0.346412,0.065382,12.106059
-3.095912,-0.474882,11.047324
-3.844285,2.317715,10.830857
-1.553118,2.174824,10.010384
-1.369588,2.414559,8.668324
-1.089706,3.239294,7.338882
-1.032943,3.202457,7.291883
-0.851118,3.546706,7.186322
-0.931412,4.022736,7.906676
0.005571,5.311800,9.430199
0.044735,5.493264,10.891321
-0.634324,6.774530,9.074382
-1.395086,4.794772,10.870974
-1.932794,2.287236,8.417117
0.063088,-0.316588,9.823410
-1.192286,1.386171,9.578401
-0.457677,1.062176,9.451764
0.012618,-0.057353,9.310679
0.173829,0.237343,9.305400
0.770824,0.351000,9.281998
0.783441,0.416382,9.589415
-0.096943,0.219514,10.392941
0.890118,0.098647,10.290266
1.456765,1.155088,10.772029
0.616200,0.950486,11.811432
-1.952294,0.159441,11.526795
-4.449442,1.847912,11.001445
-2.412429,1.890943,10.533342
-2.286088,2.018824,8.713059
-1.408588,3.270265,7.587795
-0.565500,4.057147,7.656617
-0.085800,3.824229,6.770400
-0.747882,4.148913,7.044086
-0.370500,5.042471,9.667409
0.148200,5.778684,11.083800
-0.899294,6.665560,7.782795
-3.105088,4.972500,9.949588
-2.333314,4.161858,9.982887
0.571594,-0.008531,8.605596
-1.580647,0.853412,9.865853
-1.624629,1.224600,9.511544
-0.240882,0.229412,9.560733
0.008029,0.084882,9.526321
0.195000,0.465771,9.569484
0.598765,0.084882,9.610059
0.752470,0.111265,9.634147
0.437914,-0.298629,10.133315
0.286765,0.020647,10.505911
1.124118,0.706588,11.100088
1.097571,0.761057,11.157344
-0.142235,0.048176,11.570383
-2.234470,-0.572383,10.874121
-4.663287,1.860858,10.846458
-2.224148,1.585235,9.943855
-0.536823,3.016764,8.613264
-0.211714,3.604714,7.191602
-0.471441,3.830029,6.548558
-0.767383,3.933265,6.781411
-0.352114,4.658830,7.871315
0.377382,4.558413,10.687147
-0.407206,5.906205,10.948676
-1.502647,7.251706,9.020470
-2.163943,4.552971,8.890884
-0.103235,1.766470,9.916325
-0.681353,-0.278735,9.146645
-1.334914,1.443000,9.537170
0.104382,1.313382,9.759177
0.394588,0.314294,9.404738
0.452400,0.747686,9.367803
0.567794,0.840794,9.248734
1.051853,0.411794,9.325589
0.733200,0.192771,9.809057
-0.002294,0.074559,10.916559
1.259471,0.484059,11.721792
1.117629,0.765514,12.279428
-1.602441,-0.042441,10.854616
-3.170470,1.586382,10.253558
-1.925486,1.902086,10.421914
-1.843324,2.420294,10.006942
-1.461353,3.084440,7.379031
-0.858000,3.654858,7.138115
-0.658412,4.002089,6.494646
-0.354441,4.140882,6.680472
-0.262676,5.290235,9.117971
-0.067971,4.538486,13.037144
0.074559,7.835559,6.357000
-2.081912,4.246413,11.398327
-1.319314,2.021314,9.287571
0.411794,0.636618,9.682323
-0.910765,1.390235,9.349676
0.251829,0.940457,9.210686
0.156000,0.546000,9.316414
0.254647,0.597618,9.123707
0.436800,0.754371,9.293142
0.384265,0.449647,9.373767
-0.554029,0.550588,10.510501
1.990114,0.184971,11.015830
1.345500,0.907323,11.950059
-0.248912,-0.469147,12.010854
-4.035353,0.160588,10.487556
-3.665999,1.943314,10.328317
-1.027765,2.351470,10.154914
-1.353530,2.177118,8.466442
-1.018457,2.808001,7.217230
-1.134441,3.336794,7.061295
-0.886676,3.895411,7.072765
-0.004457,4.552971,8.250173
0.356735,4.495325,11.150558
-0.419823,6.268676,11.191851
-0.160457,5.657228,9.580628
-2.331971,3.426264,8.376972
-0.573529,1.550824,9.733942
-0.491400,0.093600,9.706539
-0.765088,1.461353,9.278557
0.338382,0.713471,9.271675
0.146824,0.122735,8.960823
0.330943,0.627343,9.222944
0.310853,0.393441,9.299207
0.017206,0.158294,9.922058
0.082457,0.305314,11.040342
1.788265,0.367059,11.182674
0.525353,0.905029,11.921383
-0.733200,-0.628457,11.777997
-4.203971,0.535676,10.368263
-2.902060,2.239059,10.473793
-1.224599,1.976743,9.872572
-1.258324,2.432912,7.964029
-0.918794,2.978912,7.178295
-1.034057,3.089914,7.060116
-0.766235,3.668294,7.180589
-0.068824,4.748823,8.631618
0.100286,4.566342,11.685519
-0.123882,6.658677,9.559587
-1.026618,5.638943,9.818826
-2.504914,3.533400,8.942143
0.075706,0.911912,9.411618
-0.610235,0.072265,9.641028
-1.235743,1.857515,9.534942
0.612677,0.739742,9.480772
0.238588,0.133059,8.904617
0.333171,0.635143,9.158316
0.539118,0.300529,9.145500
0.120441,0.205323,9.823410
0.359029,0.060794,10.944091
1.720457,0.640714,11.425889
0.903882,0.822441,12.280412
-2.342295,-0.362471,11.515325
-4.789200,1.748314,10.995770
-1.772206,2.231030,10.675679
-1.287000,1.859382,9.302648
-1.095343,2.873744,7.282972
-0.987618,3.588001,6.890383
-0.594177,3.927531,6.238853
-0.255171,4.681115,7.111372
0.332647,4.880734,10.123940
-0.334941,6.305382,12.428385
-0.927086,7.018885,8.674715
-2.428324,3.852971,8.245058
-0.977294,1.416617,11.123030
-0.805629,-0.246257,9.090344
-1.398265,1.479706,9.616943
0.067676,0.693971,9.368029
0.273000,0.003441,9.210882
0.709800,0.694200,9.314312
0.991059,0.656117,9.306087
0.830470,0.293647,9.345086
-0.012257,0.280800,10.094315
0.507000,-0.008029,10.972767
1.788265,1.042677,11.604795
0.905914,-0.096943,12.844369
-2.214971,-0.567794,11.176943
-4.067471,1.425794,10.130821
-2.032458,1.255800,10.351713
-1.582941,2.140412,9.857822
-1.698794,3.578823,7.134705
-0.548229,3.286027,6.665658
-0.544853,3.754323,5.938324
-0.664147,4.050265,7.149619
-0.197229,5.112342,10.145574
-0.285618,5.411823,12.531619
-0.091765,7.586647,7.653179
-1.176686,4.764687,11.360143
-2.297559,3.352854,7.595824
0.338382,0.141088,10.320090
-1.129886,1.476429,9.430202
-0.324618,1.716000,9.078968
0.574677,0.703147,9.348531
-0.082457,0.593914,9.013458
0.208765,0.879794,9.291178
0.401471,0.270706,9.119120
0.042343,0.096943,9.650828
0.239735,0.300529,10.882148
1.989000,-0.045882,11.558912
0.413400,0.713143,12.292801
-1.374177,-0.828176,11.834205
-4.320971,0.602206,10.344178
-3.094372,1.438542,10.250317
-1.331735,1.765324,9.922057
-1.459059,2.855029,8.160178
-0.657429,3.276000,7.473514
-0.364765,3.176206,7.076205
-0.757059,3.696971,6.625412
-0.166029,4.149600,8.010599
-0.186971,4.462059,11.342115
-0.177794,6.444176,11.079442
-0.691676,6.597881,9.127147
-2.323286,4.459372,8.651316
-0.301676,1.288147,9.832589
-0.223676,-0.312000,9.343941
-0.918171,1.391743,9.128230
0.497824,1.023177,9.301500
0.108971,0.402618,9.033089
0.157114,0.607286,9.171687
0.329206,0.315441,9.159264
0.158294,0.036706,9.717878
-0.200571,-0.218400,10.686000
1.765323,0.035559,11.626584
1.047265,0.431294,12.499497
-1.058571,-0.679714,12.731827
-3.179647,-0.042441,10.466910
-2.922706,1.573765,10.351060
-2.027999,1.758343,10.125514
-1.227353,2.486824,8.209501
-0.788029,2.928441,7.137000
-0.762171,3.118885,6.789344
-0.652676,3.559323,6.659822
-0.047029,4.456323,8.028264
0.305314,4.946315,10.618029
-0.367059,5.893588,11.305410
-0.726088,6.937410,9.194823
-2.204057,2.844772,9.562803
-0.707735,1.429235,9.340502
-0.307412,0.242029,10.107883
-0.923382,1.773353,9.284293
0.100286,0.465771,9.666427
-0.455382,-0.114706,9.090443
0.076853,0.320029,9.395560
0.786686,0.086914,9.453599
0.464226,0.583742,9.824228
-0.096353,-0.036706,9.906002
0.572382,0.156000,10.938354
1.149943,1.243543,10.804116
-0.212206,0.324618,11.972999
-2.801118,0.234000,11.269853
-4.181913,1.652485,10.490999
-2.677235,2.564823,10.400383
-1.641441,2.528117,9.005559
-0.865800,3.206914,7.337573
-1.352382,4.203971,7.304471
-0.668735,3.943588,7.210411
-0.752143,4.264371,7.383257
-0.094059,4.821088,8.440060
0.019500,4.420765,11.113853
-0.606172,6.471772,9.181714
-1.379912,6.936265,7.096852
-1.983265,5.991087,11.373091
-0.148200,4.257685,8.083028
-1.003677,0.745588,9.515999
-1.428088,-0.104382,10.041355
-0.803400,1.549971,9.383399
-0.016059,0.650382,9.719029
0.095206,0.076853,9.390971
0.145971,0.161571,9.799028
0.221382,0.143382,9.590558
0.184676,0.139941,9.604321
0.237343,0.207257,9.618515
0.122735,-0.362471,9.934677
0.582706,0.426706,10.625208
1.178914,1.158857,10.762886
0.994500,0.551735,12.119823
-1.461353,0.074559,11.583000
-2.473715,0.968314,9.867002
-2.849294,1.578353,10.120501
-2.445529,1.945412,10.341882
-1.333800,2.922771,8.307000
-1.291588,3.267972,7.752971
-1.202118,3.570795,7.209264
-0.931543,3.759600,7.345373
-0.619412,4.354235,7.593530
0.003441,4.748822,8.905764
-0.319800,4.474971,10.391829
-0.574677,5.640087,9.556149
-0.724941,6.301940,7.352646
-2.680971,4.111715,12.604796
-1.522148,4.432234,8.979177
0.721500,0.458824,7.945676
-1.260618,0.344118,10.782351
-2.128286,1.038514,9.127113
-0.420971,0.277588,9.941559
-0.494382,-0.181235,9.697234
0.121457,0.102514,9.771171
0.478323,-0.262676,9.962210
0.722647,-0.235147,9.873885
0.869143,-0.030086,9.809055
0.891265,-0.273000,9.887650
-0.024088,-0.167471,9.986295
0.252943,0.548229,10.379571
1.164265,0.666441,10.355644
0.666441,0.668735,10.811028
0.354343,-0.221743,11.987487
-1.028912,-0.325765,10.667645
-4.294587,1.140176,9.814232
-1.412915,0.979457,10.586829
-0.141088,2.549911,10.208824
-0.775412,3.399882,8.078734
-0.829029,3.306086,7.093541
-0.178941,3.771530,6.722912
-0.237441,4.436824,6.994765
-0.047029,5.228294,8.025972
-0.630686,5.176971,10.525541
-0.497823,5.637794,10.655030
-1.172294,6.930531,8.381561
-2.095971,4.210886,9.994032
-0.800647,2.177118,9.106501
-0.585000,-0.381971,9.663972
-1.485343,0.856886,9.423514
-0.080294,1.330588,9.296909
0.431294,0.250059,9.529768
-0.179400,0.368828,9.341056
0.232853,0.502412,9.472410
0.840794,0.293647,9.592852
0.378857,0.347657,9.670886
-0.186971,0.061941,10.096412
0.570088,0.199588,10.905086
1.629971,1.054147,11.150558
0.660771,0.054600,12.530142
-1.838736,-0.424412,10.759410
-4.132854,1.576059,10.079205
-2.420228,1.934400,10.712743
-0.992206,2.069294,9.867004
-0.675618,3.060353,7.953704
-0.942685,3.096600,7.250657
-0.611382,3.513441,6.975266
-0.741000,4.097294,7.003941
0.287486,4.739057,8.080801
-0.052765,4.642146,10.644706
-0.045882,6.235412,10.051679
-0.620657,6.396001,9.609600
-2.638160,4.317678,9.487062
-0.283029,2.248629,8.454085
0.055059,-0.238588,9.817678
-0.829324,1.150500,9.618087
-0.385543,1.529914,9.215140
0.119294,0.297088,9.685767
-0.130765,0.520765,9.298060
0.325371,0.561600,9.541629
0.333794,0.322324,9.390972
0.216794,0.566647,9.577939
0.148200,0.498086,10.238059
0.851118,0.353294,10.906236
1.122971,1.264059,11.269854
0.580543,0.023400,12.342946
-3.621265,-0.047029,10.697471
-3.505411,1.768765,10.629791
-1.867543,1.858628,10.464257
-1.519853,1.978676,8.695853
-1.151647,2.790794,7.653177
-0.922629,3.045343,7.216115
-0.763941,3.714176,6.881206
-0.447353,4.183323,7.744940
0.328714,5.422116,9.963943
0.157147,5.746764,11.517620
-0.238588,7.086530,7.544207
-2.319942,4.105028,10.663714
-1.923618,2.562530,9.708707
-0.222182,-0.660636,9.433275
-1.122086,1.050771,9.597343
-0.585000,1.174588,9.203999
0.151412,0.384265,9.381794
0.465771,0.433457,9.199540
0.682500,0.848823,9.397854
0.543706,0.181235,9.472411
0.050143,0.337628,10.139998
0.224824,0.325765,10.718118
1.986706,0.671029,11.070264
0.837943,0.968314,11.861569
-1.005971,-0.508147,11.854852
-4.124823,0.661853,10.337296
-2.402401,2.107114,10.843114
-1.209000,1.917882,9.982854
-1.205559,2.500588,7.850470
-0.942686,3.159000,7.149257
-0.674470,3.212912,6.733234
-0.498971,3.909176,6.744706
0.156000,4.730142,8.362715
0.020647,4.815351,12.073943
-0.471441,7.259738,10.313208
-0.550457,6.099599,10.152259
-2.023412,3.487059,7.717412
-0.508147,0.703147,9.930089
-0.872912,0.139941,9.603174
-0.881400,1.681457,9.217373
0.440471,0.588441,9.404734
0.263823,0.454235,8.928706
0.422314,1.012885,9.266401
0.829323,0.466853,9.177620
0.299382,0.337235,9.587120
-0.309771,0.186086,10.638083
1.869706,0.309706,11.498118
1.012853,0.838500,12.131294
-1.244657,-0.670800,11.755714
-4.517118,0.636618,10.533440
-3.204882,1.909853,10.870674
-1.406229,1.924371,10.170086
-1.111500,2.616441,8.081029
-1.051886,2.880427,7.376572
-0.895853,3.449207,6.602470
-0.667588,3.700411,6.673588
0.032314,4.622057,8.158799
0.146824,5.121618,11.597917
-0.261529,6.890384,10.023002
-1.050771,5.712942,10.856483
-1.860529,3.594884,7.294147
-0.420971,1.116088,9.844060
-0.630882,-0.013765,9.736233
-1.258029,1.760571,9.168344
0.278735,0.954353,9.681174
0.488647,0.392294,9.088146
0.472457,0.912600,9.152744
0.457677,0.649235,9.182206
0.115853,0.760500,9.524031
0.191657,-0.230657,10.321630
1.485441,0.303971,11.470592
1.171147,1.404000,11.972999
-0.539314,-0.313114,11.891653
-4.423059,0.438176,10.727293
-3.401030,2.167941,10.594235
-1.203429,2.002371,9.901544
-1.034647,2.708205,7.931911
-0.899228,3.228086,7.272943
-0.665294,3.768087,7.154205
-0.575823,3.824295,6.569205
-0.133714,4.238742,7.942629
-0.057353,5.052794,10.977352
-0.508147,6.428119,11.039292
-1.242428,6.446142,10.620259
-1.521000,4.285412,6.978706
-0.844235,1.561147,10.029883
-0.219818,-0.414818,9.570366
-1.002529,1.410882,9.216619
-0.191559,0.656118,9.606618
0.137057,0.254057,9.022373
0.375088,0.851118,9.209734
0.762794,0.695117,9.291174
0.676372,0.538200,9.651940
-0.383118,0.048176,10.099854
1.421206,-0.051618,11.140240
0.930428,0.829028,12.497830
-0.820147,-0.735265,11.831912
-3.445765,0.348706,10.309764
-3.960171,2.003485,10.277054
-1.324853,2.122060,9.997765
-0.971559,2.974324,8.589179
-0.873600,3.751800,7.406658
-0.691677,3.217499,7.329705
-0.562059,3.274852,7.251705
-0.865800,3.839829,7.956001
-0.021794,4.912852,9.761471
0.168618,4.393236,11.690821
0.395572,6.060601,7.939285
-2.257411,6.152823,10.903943
-1.581794,4.402411,7.585500
-0.817886,2.375657,9.660855
-0.565500,-0.547147,9.505678
-1.048412,1.113794,9.382940
-0.173206,1.500353,9.717886
0.096943,0.099171,9.497056
-0.256941,0.282176,9.541237
0.060794,0.217941,9.496498
0.397800,0.203914,9.509313
0.283324,0.497823,9.808500
0.420971,-0.012618,10.332706
0.860229,0.063514,10.745054
0.965824,0.970412,11.011765
0.663000,0.097500,12.064766
-1.535486,-0.241800,10.802998
-3.499677,1.047265,10.432498
-3.511147,1.423501,10.376293
-2.069228,2.112685,10.184572
-1.296177,3.290911,8.177383
-0.459971,3.202588,7.142736
-0.514800,3.982458,6.156429
-0.472588,4.686883,6.734384
0.161735,4.935794,8.582293
-0.035657,5.103429,10.944515
-2.013088,7.439825,10.710086
-3.399882,5.123913,9.714442
-1.036286,4.118401,7.908085
0.404912,0.160588,9.934678
-1.174588,0.949765,9.064058
-0.886972,1.560000,9.324342
-0.234000,0.333794,9.525176
-0.373941,0.266118,9.446029
-0.404486,0.334286,9.578397
0.320029,-0.030971,9.530909
0.206471,0.030971,9.826855
0.050143,0.022286,9.984001
0.805235,-0.277588,10.450852
1.273235,0.637765,11.205620
0.632915,1.002857,11.428117
-1.001382,0.180088,11.564647
-2.314764,0.047029,10.425618
-3.693857,1.996800,10.076485
-2.045206,2.283794,10.086086
-1.253736,2.621029,8.547883
-1.287000,3.276000,7.465714
-0.884382,3.785294,6.772235
-0.301676,3.761206,6.759617
-0.152657,4.708972,7.789971
0.056206,5.152589,10.445117
-0.271853,5.918824,11.218233
-0.092486,6.569830,6.875144
-2.025706,6.011734,11.240030
-1.971794,2.989236,8.885118
-0.667457,1.143257,9.175028
-0.944029,0.488647,9.798177
-0.688235,0.961235,9.441439
-0.020057,0.956057,9.446914
0.149118,0.232853,9.200562
0.207618,0.481765,9.310677
0.589457,0.422314,9.348861
0.517323,0.174353,9.476997
0.342971,0.247765,9.975972
0.161571,-0.013371,10.564542
0.985324,0.757059,11.109265
1.314530,0.885529,11.716059
-0.835059,-0.208765,12.303351
-3.008571,-0.080229,10.281516
-3.608647,1.787118,10.361382
-2.167286,1.791771,10.335002
-1.504941,2.214971,8.804822
-1.351235,3.045440,7.635972
-0.738771,3.072085,7.126973
-0.465706,3.465265,6.998205
-0.361323,4.317529,7.681855
0.258088,5.154883,9.777528
-0.340971,5.825486,10.312716
-0.852265,6.633441,9.693796
-2.063344,4.937156,11.180813
-1.101177,3.901147,6.452206
0.172714,0.674143,10.505486
-1.147059,1.122971,9.238411
-0.590735,1.321412,9.218911
0.427886,0.554914,9.591769
-0.158294,0.377382,9.122556
-0.308559,0.821294,9.393268
0.385412,0.368206,9.247591
0.041229,0.318686,8.959973
0.037853,0.096353,9.575646
0.562714,-0.367714,10.635855
1.241118,0.554030,11.617411
1.176882,0.331500,12.057884
-1.981200,-0.644057,12.639341
-3.464118,-0.209912,10.494443
-3.908030,1.604736,10.165235
-1.970057,1.060800,10.154485
-1.718294,2.289529,8.945912
-1.807765,2.982353,8.190001
-0.965823,3.181941,7.221881
-0.367714,3.556800,7.043401
-0.305118,3.887383,7.077353
0.355588,5.167500,8.332237
0.178286,5.176972,10.796316
-0.198441,6.166590,10.256997
-1.057588,6.461383,8.434322
-2.233028,5.400943,10.312716
-0.224824,3.232412,8.676353
0.195000,-0.160588,9.553855
-1.221257,1.258028,9.150513
-0.355588,1.579500,9.431118
0.035559,0.542559,9.507974
-0.329829,0.580543,9.242998
-0.138794,0.669882,9.545819
0.634323,0.461118,9.362296
0.410057,0.223971,9.391197
-0.129618,-0.245471,9.822266
-0.114706,-0.055059,10.501328
0.972771,0.596143,10.985745
1.531323,0.585000,11.554324
-0.576971,0.100941,12.023470
-2.365628,0.021171,10.458687
-4.428793,1.605882,10.392354
-2.841265,1.467088,10.386618
-1.849714,2.071457,9.501515
-1.744676,3.180794,8.020236
-1.321412,3.194559,7.252851
-0.784457,4.087201,6.738085
0.014912,4.505648,7.350353
0.228265,4.585942,8.300118
-0.489794,6.051882,10.715825
-0.404486,6.846169,8.873060
-1.565735,6.552001,8.963120
-4.568736,6.088589,10.798413
-0.680829,3.864342,7.280744
-0.414088,-0.494382,10.107882
-2.510912,0.722647,9.097324
-1.739400,1.295914,9.687602
-0.086029,0.162882,9.690352
0.104382,-0.089471,9.495352
0.326486,0.474686,9.590654
1.366147,0.080294,9.646763
0.812118,0.134206,9.642175
0.095829,-0.121457,10.074256
0.144529,-0.139941,10.081503
0.749030,0.430147,11.026677
1.407343,0.860229,10.962345
-0.034412,0.555176,11.896150
-1.338617,-0.373941,11.418974
-3.448714,0.958286,10.186798
-4.222324,2.232176,9.841763
-1.059882,2.167941,9.543528
-0.407828,3.194656,7.690800
-1.135588,4.135148,7.137000
-1.175735,3.725647,7.367560
-0.986143,4.061572,7.425599
-0.361324,4.384059,8.056941
0.457676,4.771764,9.501087
0.063088,5.040179,10.492146
-0.476914,6.816086,8.768315
-1.550823,7.377883,9.481589
-2.119764,3.456089,10.361382
-0.470229,2.333314,7.923686
-0.640059,-0.184676,10.379738
-1.300765,1.414323,9.264793
-0.250714,1.097571,9.427971
-0.237441,0.585000,9.607766
0.236294,0.735265,9.320998
0.299743,0.640714,9.420172
0.480618,0.523059,9.357704
0.127324,0.309706,9.661678
-0.031200,-0.201686,10.873200
1.290441,0.476029,11.388002
1.346647,0.724941,11.701150
-0.544886,-0.324257,12.266057
-2.884853,-0.170912,9.673144
-4.012412,2.064706,9.943852
-0.890314,2.123828,9.825774
-0.368206,2.949088,9.112236
-0.942094,3.685501,7.268626
-0.966086,3.495513,6.710230
-0.403765,3.804795,6.950030
0.119294,4.643293,7.454735
0.704229,5.226001,9.101484
-0.016059,4.950706,11.922531
0.802941,6.526764,8.140677
0.577200,6.164228,9.773402
-1.946559,2.673794,9.747709
-1.238824,2.553353,8.641942
0.469114,-0.255171,10.039714
0.317735,1.599000,9.263646
0.154853,1.173441,9.465530
-0.072429,0.441257,9.271972
-0.067676,0.526500,9.217763
0.128471,0.527647,9.206292
0.232886,0.207257,9.471430
-0.162882,0.318882,10.430209
0.650382,-0.006882,10.945240
1.000628,0.577200,11.244260
0.182382,-0.328059,12.516705
-2.763265,-0.790323,10.636674
-4.981970,1.276971,10.376228
-1.737794,1.596706,10.673383
-0.871765,1.900677,9.285442
-1.505400,2.605200,7.986083
-1.078235,2.759823,7.479972
-0.858000,3.255353,7.400825
-0.559765,3.616676,7.470793
0.455743,4.924028,8.276914
0.058500,5.146852,10.861499
-0.200735,6.014030,10.715824
0.084686,6.212142,9.066941
-2.023412,2.758677,9.338207
-0.833912,1.851353,8.859882
-0.710914,0.234000,10.038600
-1.171147,1.909853,9.295765
0.128143,0.335400,9.485913
-0.351000,0.030971,9.084709
0.197294,0.750176,9.317558
0.746571,0.433457,9.211800
0.432441,0.372794,9.861262
-0.028676,-0.000000,10.620617
1.058572,0.499200,11.274343
0.840794,0.985323,11.782589
-1.203265,-0.232853,11.796354
-3.594686,0.091371,10.472058
-3.604059,2.353765,10.706649
-1.299618,2.265441,10.066587
-0.599486,2.717743,8.151001
-0.777706,3.082147,7.203532
-0.869470,3.508852,6.877766
-0.297514,4.043743,6.850629
-0.138794,4.275089,7.841293
0.253500,4.577913,10.277650
-0.225971,6.207882,11.678206
0.054600,6.816086,6.300171
-3.022500,4.896793,11.953501
-1.256029,2.337705,10.121648
-0.368829,-0.654086,8.829598
-1.586383,1.410882,9.811941
-0.084882,1.150500,9.388673
0.462429,0.106971,9.287573
0.447353,0.286765,9.241855
0.677912,0.713471,9.294617
0.550457,0.130371,9.403455
-0.127324,0.238588,10.552940
0.620559,0.128471,10.563268
1.568914,1.192286,11.147313
0.593029,0.901588,11.912205
-2.301000,-0.580412,11.656411
-3.882172,0.875829,10.653688
-3.050028,1.953441,10.579325
-1.547382,1.467088,9.419645
-0.576086,2.748943,7.908087
-0.568941,3.755471,7.040647
-0.410647,3.713030,6.662117
-0.512735,4.407000,6.720619
-0.055714,4.809258,8.582230
-0.275294,5.081471,11.014059
-0.380824,6.913325,10.213409
-1.498714,5.767543,10.738371
-2.203500,4.077794,6.688500
-0.797206,0.985323,10.729589
-0.665229,0.202800,9.122656
-0.836206,1.688471,9.471262
0.159441,1.008265,9.696086
0.500314,0.343200,9.391198
0.308559,0.688235,9.483882
0.657265,0.446206,9.287737
0.169371,0.385543,9.629654
-0.025235,0.368206,10.206530
0.277588,0.252353,10.607999
1.642457,0.807857,11.072655
1.040382,0.536824,11.870915
-0.949765,-0.552882,11.744738
-4.373735,0.800647,10.265032
-2.418000,1.967829,10.363973
-0.628588,2.295264,10.220297
-1.334029,2.721971,7.684147
-1.078594,2.948156,7.095562
-0.766235,3.347117,7.196646
-0.688235,3.932117,7.357235
-0.172059,4.619205,8.542148
0.151543,4.519543,10.995772
0.123882,6.745852,9.252172
-1.040382,6.987882,8.831204
-2.280353,4.893353,10.823647
-1.338257,2.611886,7.830087
-0.125029,-0.259235,10.165236
-0.916500,1.127559,9.467825
-0.176057,1.332686,9.289801
0.145676,0.440471,9.361150
0.018353,0.221382,9.059472
0.365486,0.435686,9.491486
0.462265,0.315441,9.564175
-0.067676,0.217941,10.153767
-0.031200,0.551571,10.581259
1.443000,0.504706,10.792675
1.314529,0.931412,11.541708
0.092486,-0.751029,12.162430
-3.555883,0.071118,10.470354
-3.618972,1.962618,10.762853
-0.883629,2.358943,10.330544
-0.813264,2.516646,8.277179
-0.907323,2.886001,7.228764
-0.812314,3.257057,7.161515
-0.882088,3.342529,7.262029
-0.387706,4.245265,7.816060
0.277457,5.254972,9.822430
-0.082588,5.526531,11.020940
-0.451941,6.600177,7.790823
-1.936628,4.593087,10.880999
-1.198677,2.647413,9.382944
0.239735,0.183529,9.231529
-0.942686,1.457486,9.770058
-0.220235,1.389088,9.112236
0.028676,0.073412,9.217765
-0.284143,-0.047914,9.326573
-0.113559,0.504706,9.366881
0.472588,0.153706,9.699530
0.317571,0.719828,10.068686
0.174353,0.135353,10.248970
1.094294,0.532235,11.007176
0.493628,1.067485,11.835942
-1.048412,-0.088324,12.178326
-3.099353,0.528794,10.527704
-3.156772,2.023543,10.649230
-1.885765,1.932794,9.975970
-0.828176,2.423735,7.851617
-0.858000,3.345085,7.072374
-0.673324,3.566207,6.986737
-0.321176,4.138589,6.670147
-0.059647,4.619207,8.333382
0.051257,4.656599,10.932260
-0.068824,6.533646,10.094118
-0.566647,6.069089,6.331765
-3.853199,4.608685,12.312861
-0.780000,2.563676,9.596292
-0.283324,-0.368206,9.092735
-1.740515,1.455257,9.912686
-0.326912,1.082824,9.332471
-0.026382,0.340676,9.290030
0.159343,0.210600,9.385627
0.671029,0.408353,9.481589
0.613677,0.211059,9.585972
0.475800,0.414514,9.860315
0.330353,-0.279882,10.253559
0.565500,0.306265,10.929175
1.379485,1.118743,10.660371
0.426706,0.310853,12.173737
-1.659794,-0.260382,10.967030
-4.079400,2.188457,10.824173
-2.583176,1.876588,10.285679
-0.923382,2.241353,9.245296
-0.548229,3.165686,7.852372
-0.820147,4.029618,6.953472
-0.399176,4.128266,6.550854
-0.368829,4.581943,6.972086
0.324618,4.888765,8.997530
-0.216794,4.779794,11.928265
-0.907028,6.926400,7.567116
-1.194088,6.374205,8.709618
-3.149824,3.048882,11.911058
0.691971,1.938858,7.315288
-0.058500,0.625147,10.544914
-1.787118,2.268882,9.989734
0.079114,0.875828,9.592883
-0.323471,-0.048176,9.210881
0.119294,0.571235,9.487324
0.559371,0.394457,9.534941
0.652676,0.347559,9.583673
0.484059,0.104382,9.643323
-0.049029,-0.104743,10.115484
0.402618,0.380823,10.737618
1.792853,1.069059,10.751385
1.393971,0.642943,11.298858
-0.531088,-0.016059,11.745887
-2.209235,0.060794,10.374001
-4.417028,2.289858,10.484312
-1.702552,1.449724,10.872931
-0.884382,2.567118,9.155823
-0.744441,3.309264,7.298736
-0.437029,3.737118,7.124384
-0.459086,4.042629,6.969857
0.029824,4.872706,7.435236
0.644647,4.624942,9.023913
-0.243176,4.605441,10.976205
-1.094228,6.060599,9.100373
-1.308794,6.785999,6.877764
-2.707059,5.105558,10.244386
-3.291600,4.483885,10.905518
0.143382,0.757059,7.248266
-0.790324,-0.379676,10.245533
-1.332882,0.224824,9.331323
-0.421200,0.093600,9.816856
-0.146824,-0.125029,9.673148
0.138794,-0.057353,9.689204
0.153771,0.110314,9.882605
0.536823,0.127324,9.836030
0.628588,0.251206,9.736235
0.620657,0.095829,10.093203
-0.091765,0.195000,10.572441
0.313147,0.719206,10.770883
1.207886,0.859114,10.883228
0.495529,0.344118,12.683027
-1.925912,-0.573529,10.456589
-4.282199,1.451914,10.522201
-2.095676,1.724029,10.086086
-1.038088,2.026853,9.090442
-0.622886,3.117771,7.426713
-0.937147,3.399882,7.460469
-0.766235,3.565059,7.408854
-0.921515,3.729514,7.767687
-0.525353,4.130559,8.865620
-0.630882,4.881883,10.224885
-0.539314,5.015399,10.567886
-0.168618,6.018618,7.206970
-0.001147,5.743323,8.333385
-2.467029,3.308315,12.131228
-0.913059,3.386117,7.301027
-0.061941,-0.313147,10.775470
-0.846529,1.109206,9.256765
-0.376628,1.366114,9.269743
-0.004588,0.441618,9.822264
0.193853,0.339529,9.268233
0.426771,0.427886,9.592889
0.729529,0.412941,9.418497
0.339529,0.604500,9.942709
-0.423429,0.139286,10.449773
1.010559,0.684794,10.762853
1.407441,1.305353,11.452236
0.407829,-0.211714,12.218139
-2.939912,-0.478324,10.238649
-3.936707,1.674706,10.643559
-2.344457,1.915457,10.250313
-0.692824,2.065853,8.680943
-0.625147,2.952529,7.574029
-1.002857,3.050914,7.216115
-0.619412,3.464118,6.908735
-0.758206,4.333590,7.049824
0.051257,5.251628,9.402342
-0.627441,4.712118,12.467382
-0.634324,7.137001,8.145266
-1.694829,5.402056,11.447055
-1.771059,3.175059,7.638264
-0.362471,0.601059,10.136557
-0.660771,0.280800,9.349972
-0.730677,1.574911,9.220059
-0.056206,0.574677,9.488470
0.593914,0.099171,9.120429
1.015147,0.789177,9.579089
0.035559,0.040147,9.374911
-0.723172,0.613971,10.484317
1.032353,0.256941,10.765150
2.243647,0.761647,11.382266
0.749029,0.759353,12.134737
-1.763914,-0.349886,10.940057
-4.550383,1.281265,10.305177
-2.719676,1.868559,10.451999
-1.330457,1.927714,10.068686
-1.628824,2.774735,7.754117
-1.360412,3.072970,7.014265
-0.781114,3.378515,6.633342
-0.763941,4.021588,6.633439
-0.073412,4.682295,9.381794
-0.542657,5.244944,12.622629
-0.398029,7.279235,8.333383
-1.462500,5.235178,10.855763
-1.692600,2.540572,8.279142
-0.511589,0.549441,9.571058
-0.961235,0.941735,9.697233
-0.284143,1.763914,9.618516
0.448500,0.625147,9.356557
0.258088,0.485206,8.999825
0.542657,0.626228,9.044654
0.596470,0.317735,9.229236
0.022941,0.399176,10.552942
0.695314,0.162686,10.643661
1.517559,0.996794,11.228560
0.461710,0.543484,12.476227
-2.264295,-0.515029,10.983088
-3.905571,1.332686,10.771796
-2.635942,2.103706,10.384322
-1.094294,2.172529,9.167292
-0.996171,2.689886,7.706399
-0.997941,3.183088,6.846793
-0.804088,3.512294,6.849089
-0.790324,4.104177,7.362971
-0.327600,5.006486,9.336599
-0.167471,5.121619,11.401767
-0.180088,6.836472,8.854146
-1.968943,6.076200,11.064858
-2.640530,4.035352,7.540765
-0.327600,1.134343,9.448030
-0.660706,-0.047029,9.807350
-1.134441,1.881176,9.426531
-0.045686,1.085314,9.709885
0.462265,0.503559,9.454062
0.729529,0.618265,9.224648
0.660771,0.603943,9.416827
0.563206,0.619412,9.619231
0.211059,0.659559,9.676590
0.459086,0.172714,10.609111
1.089706,1.041529,11.140234
1.196383,0.900441,12.087710
-1.059686,-0.159343,11.536198
-3.498529,1.049559,10.320091
-2.549911,1.906412,10.525410
-1.482000,2.093743,9.678688
-1.196382,2.704765,7.608441
-1.041529,2.937618,7.507501
-0.940588,2.897470,7.599263
-1.361658,3.611400,7.534801
-0.578118,4.431087,8.440061
-0.191657,5.037685,10.482081
-0.156000,5.336119,10.401530
-0.524206,6.543969,8.911501
-2.290677,4.247559,9.896822
-1.183371,2.383458,8.731542
-0.079147,0.022941,9.699532
-1.455257,1.731600,9.325458
-0.513882,1.655206,9.380646
0.526500,0.357882,9.361147
0.581657,0.274114,9.197315
0.291353,0.423265,9.356559
0.403765,0.089471,9.465529
0.065743,0.504771,10.385146
0.244324,0.230559,10.766294
0.763941,0.708882,10.812180
-0.055714,0.546000,12.247112
-1.363853,-0.742147,11.579557
-4.167265,1.065618,10.601120
-2.701029,2.049171,10.469829
-1.190647,1.884618,9.713297
-0.910765,2.707059,7.473088
-1.291588,3.263383,6.911030
-0.899229,3.463201,6.967630
-0.739853,3.972265,7.167971
-0.435882,4.449442,8.939029
-0.127029,4.926258,11.284375
-0.509294,6.268676,9.719032
-0.571235,6.366177,8.411382
-2.325514,3.722828,10.272598
-1.246853,2.499441,8.786471
-0.391147,-0.212206,9.919765
-1.372800,1.340485,9.660859
-0.338382,1.204412,9.316414
0.303971,0.204177,9.285442
0.398914,0.609514,9.352200
0.702000,0.664147,9.362297
0.757059,0.548294,9.602030
0.035657,0.152657,10.136658
0.588441,0.107824,10.599971
1.755000,0.703147,11.269852
0.624000,0.598371,12.229285
-1.658647,-0.328059,11.149414
-3.969970,1.412029,10.515087
-2.574001,2.431372,10.505484
-1.267500,2.478794,9.875029
-0.827029,2.920412,7.037205
-0.988372,3.354000,6.768169
-0.895853,3.504265,6.803205
-0.858000,4.174146,7.139294
-0.256286,4.731257,9.794571
0.344118,5.286795,11.686237
-0.833912,6.843353,9.041118
-1.777286,5.085600,10.255886
-2.209235,4.745383,6.981000
-0.067676,0.337235,10.894768
-1.424647,0.759353,9.034235
-2.039143,1.780629,9.790116
-0.211059,0.789176,9.823411
0.345265,0.267265,9.074385
0.691972,0.757714,9.461399
1.009412,0.695117,9.596292
0.800647,0.487500,9.545825
0.362143,0.246257,9.576169
0.177794,0.003441,10.335000
1.075941,0.302824,10.621763
1.615545,1.032909,11.169363
0.731823,0.703147,11.610529
-2.003912,0.190412,11.281324
-3.873257,2.058086,10.246971
-3.064941,2.083059,9.951882
-1.619647,2.440940,9.415060
-1.427400,3.243686,7.594973
-1.033500,3.867883,6.874323
-0.925677,3.835765,6.868587
-0.914828,4.544057,7.020002
-0.305118,5.174381,9.691504
0.157147,5.185854,11.291644
-0.566057,6.635571,7.835658
-2.370970,5.351030,10.557528
-2.341147,3.705000,9.152382
-0.629571,0.290829,9.105944
-1.104618,0.599912,9.763764
-0.790323,1.488882,9.629557
0.160457,0.540428,9.595111
0.345265,0.173206,9.429971
0.322324,0.660706,9.462089
0.570514,0.290829,9.488142
0.531088,0.314294,9.989738
0.394588,0.682500,10.100999
1.347171,0.619543,10.396286
1.711412,1.327147,10.820210
-0.059647,1.157382,11.884680
-1.908771,-0.231771,11.215287
-3.130323,1.345500,10.851174
-2.966294,2.335412,10.218000
-1.283657,2.063658,9.331029
-0.706588,2.845854,7.419174
-0.995647,3.708441,6.683912
-0.601714,3.790800,6.798256
-0.599912,4.054854,7.173707
-0.336088,4.694912,9.092735
-0.192706,4.425353,11.812413
-0.911486,6.682371,10.664831
-0.305118,6.005999,6.833029
-0.378857,4.422600,9.310976
-1.882324,3.032824,9.797027
-0.128471,0.111265,9.510265
-1.107600,2.041371,9.451370
-0.173206,1.159677,9.758030
0.480618,0.246618,9.392119
0.020057,0.183857,9.394542
0.081441,0.334941,9.368031
0.559765,0.480618,9.934675
-0.011143,0.337629,10.226913
0.614824,0.306265,10.321235
0.877500,1.332882,10.944089
0.161572,0.176057,12.643799
-3.908030,0.053912,11.611674
-3.192264,2.103705,10.754821
-1.562294,1.905265,9.764915
-1.426286,2.170629,8.060740
-1.173441,3.074117,7.406559
-0.854559,3.318441,7.165676
-0.839057,3.593572,6.911913
-0.372794,4.575618,7.958295
0.252353,4.653617,10.723854
-1.018457,5.850001,11.126144
-0.516176,6.506118,8.231295
-2.493706,4.109911,9.830294
-1.080857,2.532771,9.649714
-0.030971,0.075706,9.402439
-0.783441,1.578353,9.629560
-0.340971,1.191172,9.439113
-0.193853,0.189265,9.303795
0.377382,0.671029,9.166145
0.902571,0.943800,9.196202
0.705441,0.610235,9.324439
0.137647,0.391147,9.949589
0.143743,0.042343,10.761770
1.346647,0.552882,11.415528
0.833912,0.487500,12.654355
-1.430743,-0.012257,11.205257
-4.146618,1.734353,10.260443
-1.927059,2.085353,10.167532
-1.399543,2.331085,9.299830
-1.599000,2.841265,7.728883
-1.096588,2.935324,7.315941
-1.074172,3.289371,7.149257
-0.587294,3.968824,6.812382
0.036706,4.897941,8.615560
0.320914,4.407001,12.433199
0.362471,7.340031,8.103971
-1.467088,6.100059,10.199647
-2.127172,2.918314,9.892632
-0.435882,1.234235,7.896352
-1.399412,1.166559,10.736471
-1.147714,1.573372,9.308742
0.044735,0.362471,9.470116
-0.243176,0.183529,9.490762
0.138171,0.712029,9.599570
0.364765,0.255794,9.663973
0.337235,-0.139941,9.746558
0.242914,-0.250714,10.167857
0.135353,0.189265,10.608002
0.983029,0.988765,10.491001
0.537193,0.840387,11.342710
0.309771,0.176057,11.264317
-1.518706,0.189265,10.794971
-4.733913,1.686177,10.063147
-2.130089,1.457911,10.040207
-0.690857,2.760086,8.880856
-0.862588,3.947029,7.678411
-0.926823,3.752029,7.047531
-1.046118,3.834617,7.213852
-0.705343,4.063800,7.714200
-0.138794,4.915149,9.485028
-0.019500,4.816501,10.543765
-0.919286,5.868944,9.279770
-1.958273,6.162001,8.486637
-2.411117,5.151442,8.719941
-1.641441,4.943823,9.739676
-0.470229,1.353857,8.522058
-1.109206,0.121588,10.011531
-1.056441,1.164265,9.459793
-0.285257,1.229057,9.792344
-0.009176,0.423265,9.751145
-0.067676,0.159441,9.763766
0.046800,0.109200,9.626312
0.299382,0.078000,9.527469
0.415235,0.293647,9.613499
0.681353,0.312000,9.797029
0.267429,0.005571,10.245856
0.443912,0.495529,10.407263
1.133294,0.860294,10.371705
0.386657,0.606171,11.426999
-1.457912,-0.151412,11.788327
-3.932118,0.964676,10.948677
-3.256500,1.944265,10.447412
-1.968943,1.875343,10.222458
-0.581559,2.961706,8.017942
-0.958941,3.559323,7.054412
-0.624000,4.051542,6.250028
-0.244324,4.837147,6.716028
-0.039000,5.368236,8.163619
-0.448500,5.278766,10.918853
-1.819629,7.270714,10.177887
-1.383353,5.994530,10.308617
-2.133530,4.130558,7.857352
-0.580543,0.948257,9.780086
-1.214735,0.325765,9.488471
-0.987617,1.504942,9.347385
0.004457,0.675257,9.439113
-0.119294,0.161735,9.333614
0.255794,0.420971,9.440294
0.295286,0.326486,9.497057
0.115853,0.277588,9.619235
-0.021794,0.258088,10.111321
0.042441,0.347559,10.723854
1.027372,0.953829,10.916659
1.431530,1.254882,11.430441
0.243177,-0.184676,11.989058
-3.094372,0.654086,10.221345
-2.268882,2.448971,10.276502
-0.440471,2.513206,9.832590
-1.407343,2.580685,8.068545
-0.821294,3.266824,7.526999
-0.835059,3.491647,7.812618
-0.816772,3.944572,7.461257
-0.318882,4.439116,7.477675
0.149118,4.512530,9.155824
-0.473735,4.317528,10.957851
-0.238457,6.332486,8.759399
-0.347559,6.150529,10.267326
-1.377617,2.610706,9.455208
-0.507000,2.179543,8.361600
0.344118,0.168618,10.367117
0.067676,1.663235,9.090444
0.267429,1.059686,9.518230
-0.057353,0.236294,9.287733
0.180088,0.559765,9.673148
0.190543,0.715372,9.987346
-0.129618,0.267265,9.722471
-0.716912,0.728382,10.074618
0.917057,0.210600,10.267028
1.070206,0.753618,11.360471
0.279882,-0.367059,12.363002
-2.673172,0.006686,11.055941
-3.302382,1.947706,10.541471
-1.476265,2.454706,10.231763
-0.750176,2.508618,8.542150
-0.841285,3.003000,7.502485
-1.181471,2.857324,7.348059
-0.973853,3.774971,7.224175
-0.410057,4.172999,7.690801
0.216794,4.433384,9.770646
-0.766235,5.092941,10.540322
-0.611743,6.335829,8.046257
-0.585000,6.226236,10.471500
-1.717147,2.428324,9.956471
-0.707572,1.850829,7.645114
0.094059,0.590735,10.630941
-0.287912,1.987853,9.113380
0.206471,1.026618,9.333617
0.102514,0.457971,8.822915
0.432441,1.007118,9.265942
0.466853,0.673324,9.349677
-0.033429,0.109200,9.721026
0.281029,-0.055059,10.883293
1.148206,0.402618,11.361619
0.622886,0.946029,11.393571
-0.714618,0.138794,11.347855
-2.521235,-0.076853,10.763999
-2.926147,2.547617,10.526557
-1.936628,2.219657,10.075372
-1.121824,2.650854,8.569674
-0.815559,3.459530,7.274647
-0.915943,3.677144,7.025572
-0.883235,3.584558,7.241383
-0.614823,3.889676,8.077588
-0.068824,4.573323,9.832588
0.012257,6.020485,10.449773
-1.070206,6.784854,7.773618
-2.606118,3.637324,12.221916
-0.570514,1.679229,8.148772
-0.069971,0.548294,10.618324
-1.129853,1.652912,9.611206
-0.359914,0.111429,9.211802
-0.279882,-0.092912,9.166145
0.824735,0.197294,9.574501
1.212441,0.137647,9.743115
0.325371,0.793372,10.378460
0.276441,0.320029,10.431353
1.077088,0.724941,10.587354
0.904800,1.581172,10.846459
-0.926823,0.072265,11.540561
-3.446913,0.547147,10.817915
-2.880429,2.347800,10.527773
-1.110353,2.466177,9.784412
-0.580412,2.955971,7.980090
-0.868324,3.841500,7.190911
-0.882514,3.904457,7.408887
-0.817853,4.347354,7.572883
-0.774265,4.643293,8.214088
-0.252943,4.863857,9.390090
-0.544853,4.918590,9.920910
-0.392294,5.699737,8.035148
-1.185600,5.806543,11.187428
-1.772205,4.017000,8.265707
-0.439324,3.075264,8.355176
-0.117000,0.356571,10.232488
-0.954353,1.889206,9.374910
-0.205324,1.797441,9.907148
0.043588,0.581559,9.628410
-0.004457,0.532628,9.435774
-0.033265,0.396882,9.747705
0.277588,0.324618,9.560734
0.362143,0.520371,9.824658
0.331500,0.220235,10.329265
0.128471,0.355588,10.539175
1.354677,0.469147,10.765149
0.788914,0.969428,11.659886
-1.402853,-0.045882,11.295091
-3.337941,1.248000,10.141150
-2.678743,1.928828,9.869228
