-1.213457,3.322800,9.278655
-1.096588,3.476735,9.282002
-1.170000,3.551294,9.049149
-1.030714,3.648172,9.085885
-0.978441,3.593736,9.171884
-0.949765,3.373500,9.108797
-1.055294,3.249617,9.338203
-1.174457,3.063172,9.401230
-0.985324,3.154412,9.283150
-0.828176,3.178501,9.262502
-0.956647,3.380382,9.275121
-0.693086,3.318343,9.172802
-0.641206,3.482472,9.303796
-0.275294,3.545558,9.286585
-0.297514,3.518915,9.724373
-1.126411,3.105088,9.697233
-0.916500,3.340235,9.387527
-0.612529,3.178499,9.567616
-0.639600,3.248143,9.231857
-0.677912,3.094766,9.365738
-0.415235,2.629059,9.333615
0.159441,2.436354,9.473557
1.133229,2.224114,9.473658
1.717147,2.388176,9.483883
1.849059,2.390471,9.605471
1.484228,2.225228,9.477004
1.360412,2.350324,9.563027
2.141559,2.407676,9.306087
2.108294,2.626764,9.177619
1.752771,2.597400,9.305398
1.434971,2.442088,9.245292
1.648323,2.732294,9.260207
2.000471,2.537294,9.131736
1.912114,2.341115,9.312087
1.872000,1.844470,9.502235
2.571707,2.234471,9.518293
2.691000,2.445857,10.501027
2.523530,2.651999,11.913359
1.936235,2.197765,11.187265
-1.078235,1.389088,10.120501
-2.367858,2.506028,10.122171
-0.738706,3.454941,9.809649
-0.604500,3.872471,8.950500
-1.266943,4.983087,7.973827
-0.799500,5.330383,7.232206
-0.423265,5.261558,6.894970
-1.187206,5.209943,5.813293
-0.764400,6.037199,5.300658
-0.799500,5.722676,5.973882
-0.464559,6.181500,7.412292
-0.373941,6.929382,9.823415
-1.916571,6.822772,9.776742
-2.766706,6.305382,8.732560
-0.755912,6.626558,8.943616
0.295941,4.546942,8.929852
-0.271886,2.409086,8.616774
0.402618,2.280353,9.485031
0.440471,2.598088,9.087002
1.098882,2.265441,9.265942
1.390629,1.968943,9.158316
1.882323,1.837588,9.177617
2.044059,1.872000,9.230382
2.062412,1.863970,9.234970
2.171743,1.989000,9.157198
1.686177,1.870853,10.057411
1.594411,2.177118,10.675675
2.440286,2.746714,10.067571
3.085589,2.301000,10.547206
1.131000,0.532552,11.584347
-2.235618,2.361794,10.991118
-0.201686,3.874371,10.898828
0.263824,3.410206,9.354265
-0.032118,3.480176,6.812382
-0.273000,4.283314,6.305745
-1.086265,4.575618,6.604763
-0.937147,4.849763,6.877762
-0.519257,4.829314,8.021745
-0.137647,5.357913,10.013825
-0.638912,7.894061,10.533441
-1.060800,7.030029,6.301286
-0.924529,6.978708,9.436852
-1.212441,5.222558,9.068648
1.343828,2.236372,8.273571
0.563206,2.532706,9.262500
0.458824,3.271412,9.064058
1.463058,2.039143,8.626799
1.128706,2.039470,8.545589
1.682735,2.283794,8.822028
1.890944,2.041372,8.939913
1.574912,1.852500,9.293471
0.744441,1.735500,10.232914
2.882559,2.024559,10.668795
3.596914,3.096600,11.021399
3.029383,1.639146,12.255179
-1.018588,0.531088,11.227412
-1.400657,2.815801,10.647004
0.314294,3.211764,10.112470
-0.345265,2.926147,8.224411
-0.647400,3.407487,6.941999
-0.677912,4.047971,6.975265
-0.761647,4.236088,6.560030
-0.684794,4.813060,6.849088
0.338743,5.565857,8.670258
0.020647,6.074825,11.070263
-1.429235,7.658911,8.600648
-0.460200,6.910799,9.949458
-0.255794,4.176441,7.914706
-0.047029,2.154177,8.600647
1.347794,1.842177,9.683471
0.953828,3.292715,9.168344
1.493818,2.080000,8.697001
1.233514,1.532143,8.591143
1.268647,1.639147,8.827762
1.566883,1.941970,9.054883
1.734943,2.045829,9.767828
1.573765,1.767618,10.384322
3.457236,2.990383,10.468060
3.007457,2.883772,11.801403
1.191794,0.383118,12.083117
-2.506324,1.788265,10.437091
-0.559764,3.419383,10.580468
-0.422314,2.832514,9.239658
-0.435882,3.388412,7.401971
-0.501265,4.185618,6.849088
-0.947143,4.424829,6.514114
-1.131000,4.810765,7.329705
0.371647,5.447381,8.193442
0.239571,6.301285,10.846460
-0.593029,7.173706,7.406559
-2.118618,6.999355,9.045708
-1.460205,4.877295,10.976205
0.634028,2.623028,7.393285
0.844235,2.295265,9.251030
0.189429,2.426913,9.186171
1.270941,1.753852,8.382706
1.760735,1.742383,8.834647
1.853057,1.980086,9.117088
1.853647,1.682735,8.942471
1.666677,1.707971,9.216619
1.093114,1.939971,10.249201
2.814882,1.967206,10.551793
3.055764,2.755235,11.368501
3.077559,1.242265,12.217326
-1.894286,0.349886,10.991314
-2.104853,2.484529,10.558678
-0.124800,3.055372,9.969514
-0.719206,2.796530,8.203765
-0.598765,3.366618,7.210413
-0.565500,4.247560,6.964941
-1.182257,4.694486,6.525258
-0.867176,5.391177,6.671296
0.924529,5.909647,9.279705
-0.420086,7.225029,11.253173
-0.938294,6.711440,6.534794
-2.029147,6.790586,10.122795
-1.302600,4.753543,10.119941
1.235383,1.264059,8.604088
0.076853,2.100265,9.135178
0.274114,2.048057,9.109283
1.593264,1.740088,8.721087
1.603588,1.796294,8.951650
1.807371,2.074800,9.017916
1.806618,1.797441,9.019324
2.241353,2.077324,9.244145
1.574486,2.051400,9.904884
2.664618,2.239059,10.224882
3.228971,3.223236,10.130821
3.330600,2.004600,11.995283
-0.118147,0.454235,11.804382
-1.984412,2.704765,10.805292
-0.207618,2.983500,10.606854
-0.231771,2.725543,9.016799
-0.292500,3.101647,7.085382
-0.456529,4.084677,7.032619
-0.652971,4.230942,6.699084
-0.892412,5.034441,6.435001
0.487500,5.201911,8.683234
-0.388886,6.145287,10.781827
-0.294794,8.027118,8.795647
-0.593029,6.521029,10.433647
-1.251441,5.511618,6.287028
0.627343,2.574000,10.083172
1.342059,2.298706,9.143206
0.454235,3.150970,8.661443
1.593428,2.052514,8.612313
1.426941,1.694206,8.413680
1.281265,1.843324,8.623589
1.443000,1.935515,8.812886
2.157618,2.042912,9.400149
1.125265,1.925912,10.782353
3.933429,2.757857,10.470945
2.789648,2.759824,11.784883
1.112647,-0.107824,12.186353
-2.820257,1.356086,10.804114
-0.630882,2.896324,10.097557
-0.197294,2.790795,9.940413
-0.576971,2.848148,7.774762
-0.491400,3.526715,7.437856
-0.451941,3.986030,7.418032
-0.643500,4.747675,7.100294
-0.332057,5.460001,6.958716
0.632029,6.582971,8.551323
0.314294,6.298501,10.604560
-0.498086,7.292999,9.556115
-1.772206,5.390028,8.350585
-1.430383,4.265912,9.232677
2.191800,1.260257,9.141602
-0.172059,2.537294,9.060617
-0.141088,2.791941,9.345090
1.819628,1.931057,8.586685
1.897235,2.101412,8.500853
1.811206,2.305588,8.755498
2.254200,2.087056,8.684744
2.001618,1.945411,9.412763
1.506088,1.549676,10.449705
3.344823,2.528118,10.727297
3.131143,2.682086,11.895000
0.897000,0.547147,11.702295
-2.156471,0.992206,10.487559
-1.083085,3.126687,10.382913
-0.151412,3.350559,9.638738
-0.541412,3.646500,7.766735
-0.510343,3.904456,7.124742
-0.473735,4.298030,6.589854
-0.820147,4.515971,6.617382
-0.538200,5.223771,7.543714
0.784588,5.931441,10.495589
-0.009176,7.146175,9.858970
-0.643500,6.882351,8.484795
-2.107115,5.506801,8.587802
-0.251206,3.621265,9.400146
1.535912,0.716912,8.978027
-0.338743,2.914971,9.507085
0.645794,2.677235,9.252178
1.512971,1.950000,8.589177
1.677000,2.355600,8.705912
1.979824,2.359500,8.620151
2.232177,2.161059,8.895440
1.426285,1.831886,9.367800
1.950000,1.560000,10.355645
2.883706,2.649706,10.823647
2.975471,2.263147,12.157678
0.868029,0.843514,11.692203
-1.462500,0.945176,10.248972
-1.368441,3.207175,10.421029
-0.215057,2.833628,9.499287
-0.697412,3.653382,7.910119
-0.622853,4.470088,7.206971
-0.554914,4.420372,6.750343
-0.953206,4.691470,6.410913
-0.493235,5.565531,7.061294
0.746735,5.369382,9.348532
-0.240686,7.200515,10.489886
-1.085117,7.384765,7.203530
-1.821529,5.396913,10.004647
-0.084686,3.721715,9.781201
0.871765,1.020883,8.287498
-0.043588,2.473058,10.157205
0.627441,2.400794,8.897736
1.379486,1.312629,8.786143
1.266353,1.504941,9.124853
1.893794,2.101411,9.213177
2.368971,2.050285,9.109287
1.892647,2.083059,9.516001
1.237677,1.586382,9.966796
2.250530,2.457000,10.016118
2.797972,2.878200,10.575688
2.579735,1.404000,11.837651
-0.009176,1.003676,10.856912
-2.489315,3.452057,11.265428
-0.114706,2.907794,10.277646
-0.973853,3.114265,7.838999
-1.393676,4.549235,6.625413
-0.858000,4.457144,6.959828
-1.054147,4.509088,6.304236
-1.556559,5.184707,7.154207
0.827914,5.580342,10.044168
-0.707735,7.408855,9.200560
-1.837589,6.844501,7.853911
-3.768515,4.983084,10.985743
-0.097500,4.591677,8.702736
0.798353,0.653824,8.349442
0.422118,2.541883,10.175560
0.041229,2.815800,9.253029
1.311088,2.016529,9.317558
1.040382,1.502647,8.948205
1.181143,1.816285,9.244116
1.889206,1.869706,9.301500
2.223000,2.049794,9.268239
2.030294,1.966059,9.385231
2.155029,1.326000,9.906001
1.928206,2.081912,10.348767
2.553352,2.623324,10.680265
2.372315,1.687029,11.480488
0.774265,0.875206,10.542621
-2.580882,3.063794,10.282236
-1.093147,2.939912,10.187029
0.120343,3.859885,8.851886
0.029824,4.665089,7.123234
-0.782294,5.212236,6.468266
-0.903686,4.964141,6.169802
-0.993353,5.612558,6.771089
-0.030971,6.301941,8.006472
0.819000,6.311117,9.934679
-1.285885,7.471286,9.345512
-2.547618,6.399441,8.984911
-2.577441,5.115882,8.889704
0.426771,3.081000,8.992286
0.409500,0.486353,9.101911
-0.254647,1.736647,9.689206
0.531514,2.448086,9.322113
1.553118,2.149588,9.176472
1.619647,2.114030,8.799088
1.980086,2.441400,8.994514
2.126647,2.084206,8.886264
1.880029,1.952294,9.257911
1.615059,1.526735,9.675443
2.387915,1.315971,10.378455
2.747206,2.969736,10.403823
3.046588,2.189735,11.493530
0.705343,0.691971,11.858229
-1.696500,1.836441,10.128526
-1.494618,3.571941,10.143443
-0.684171,3.050914,9.705429
-0.258088,3.672883,7.405410
-0.837353,4.599706,6.767646
-1.068600,4.371344,6.665656
-0.965824,4.351941,6.298499
-0.504706,5.505883,7.560263
0.554914,6.014914,10.126630
-0.859147,7.030324,9.564178
-2.111735,6.016323,9.146646
-3.889972,4.370230,11.437032
1.553117,2.649706,7.915855
1.350089,1.181471,9.894527
-1.683686,2.904943,9.816855
1.291588,1.814647,9.027351
1.611618,1.288147,9.262503
1.472824,1.985559,9.189088
2.196257,1.113172,9.635229
2.799971,1.480853,9.296913
2.193177,1.939677,9.187942
2.392371,1.554429,9.419057
1.566882,1.643736,9.888796
2.490265,2.520088,10.056267
2.921657,3.268200,10.070912
2.709353,2.209236,11.515325
1.628824,0.298235,11.954645
-3.160147,1.824971,10.487559
0.156000,2.500457,10.458684
0.223677,3.131471,9.525177
-0.260382,4.294589,7.061295
-0.577200,4.771373,6.358113
-0.874059,4.745382,5.946352
-1.025470,5.070001,6.174619
-0.364765,6.033532,7.340030
-0.138171,6.244456,9.218483
-0.058500,7.290705,10.496736
-1.126412,7.229914,7.832118
-1.132114,5.612658,10.012972
-0.588441,3.722207,9.433410
1.619647,1.375324,8.613263
-0.098057,2.089286,9.490371
0.435882,2.825206,8.684383
1.484294,2.010794,8.893147
1.371882,2.290676,8.579998
1.516543,2.435828,8.763857
2.089941,2.106000,8.805969
1.702235,2.211530,9.285439
2.075914,1.443000,10.330545
3.543265,2.903206,11.202178
3.164736,2.725412,11.612825
1.345500,0.598765,11.259529
-1.827428,1.155514,10.241399
-1.788264,3.663706,11.076001
-0.485206,3.472147,10.222588
-0.104382,3.208323,7.796559
-0.529286,4.093886,6.174256
-0.797206,4.310647,6.880057
-0.937147,4.361118,6.432706
-0.708686,5.651657,7.179344
0.024088,6.562323,9.282001
-0.180088,5.957824,10.229471
-1.144371,6.400457,8.540999
-2.848146,5.431324,10.460030
-0.505853,3.476735,9.098473
2.548371,1.716000,8.684742
-0.119294,2.952529,9.530911
0.633176,2.125500,8.989503
1.302600,1.749428,8.590028
1.834146,1.841030,8.616706
1.681588,1.931647,8.752059
1.923257,1.996800,9.104829
1.537059,2.409971,10.426764
3.679765,2.179411,10.664206
2.635286,3.005229,11.503886
1.502647,0.628588,12.099181
-2.666912,0.872912,11.377677
-1.209000,2.967342,10.381801
-0.102088,2.507471,9.148944
-0.794912,3.157854,7.438679
-0.808677,4.316381,7.147322
-0.547114,4.129544,7.262916
-0.625147,4.417325,6.695382
0.068824,4.839442,7.623353
0.069086,6.306857,9.643026
0.281029,7.328557,10.153764
0.153706,6.977558,6.527911
-0.379676,6.194117,11.003736
-2.377887,3.532285,8.849655
1.718294,1.830706,8.436618
0.277588,2.445530,9.614647
0.043457,3.001885,8.904258
1.721735,2.172530,8.937881
1.699941,1.705676,8.344856
1.213457,1.981200,8.501999
1.970647,1.874294,8.901176
2.037176,2.044058,9.696088
2.931686,1.893172,10.516628
3.262236,3.198000,10.976206
2.250530,2.459294,12.213883
0.237343,0.286371,11.608629
-2.149588,2.408824,10.764003
-1.041530,3.090177,10.320091
-0.837943,2.771229,8.529855
-0.813264,3.851825,6.650648
-0.759353,4.382913,6.875471
-0.797829,4.371344,6.387085
-0.957794,5.382000,6.490060
0.182382,6.396002,8.931002
-0.025628,6.865114,11.254286
-0.932559,7.551089,10.368263
-2.972029,4.008970,7.044088
0.950912,2.827500,10.746793
0.324257,1.309286,8.752716
-0.556324,3.047735,9.131737
1.376471,1.980971,8.808267
1.975628,1.681457,8.398372
1.651764,2.181706,8.788765
2.184000,1.682735,8.647676
2.214971,2.128941,9.395561
1.849714,2.092629,10.514400
3.212912,2.691000,10.603412
2.744912,2.919265,11.529090
1.771715,0.203914,12.059912
-2.875677,1.701088,11.045028
-0.435883,3.528353,10.324677
0.121588,3.000707,9.347383
-0.919286,2.942828,6.952029
-1.055294,3.766941,6.759616
-0.876353,4.029617,7.126675
-0.677486,4.842684,6.665659
0.157147,6.133324,8.233590
0.447353,6.569205,10.878707
-1.093147,8.406793,9.283150
-0.328714,5.571429,9.617402
-1.810059,2.695588,8.185412
2.185148,1.539353,9.772942
-0.888086,2.943943,9.152745
0.836206,2.696735,8.865619
1.838735,1.687323,8.415971
1.523229,2.094857,8.260201
2.010794,2.237912,8.310444
2.253971,2.083059,9.265942
1.605882,1.892647,10.370558
3.556799,2.752285,10.825288
2.297558,2.841265,11.802087
0.852265,0.161735,12.274676
-2.666486,1.475314,11.122798
-1.007117,3.285177,10.497882
-0.150265,2.818323,9.077823
-0.848546,3.523000,6.963273
-1.102324,4.295735,6.776823
-0.924529,4.534323,6.758470
-0.831257,4.864973,6.371485
-0.176647,6.069088,7.894060
0.582706,6.064501,11.175794
-1.541647,7.946824,8.502001
-1.363886,6.315773,9.239656
-1.854795,3.753176,10.127380
0.731823,1.472824,8.249649
0.488647,2.089941,9.737380
0.379971,2.919428,8.737116
1.677000,1.999323,8.708471
1.358118,1.940824,8.617851
1.535486,2.181772,8.723742
2.272324,2.049794,8.814000
1.831853,2.237911,9.279704
2.109343,1.965600,10.655912
3.460677,3.085588,10.999146
2.914676,2.616441,11.688531
0.954942,0.208371,11.581885
-2.419147,1.674706,10.488706
-1.237677,3.702706,10.468060
0.004457,3.064285,9.299829
-0.236294,3.025942,7.215000
-0.449647,3.982588,6.948882
-0.907028,4.315629,6.819428
-0.909618,4.608882,6.866294
-0.147971,6.329469,8.077588
0.226200,5.705142,11.458200
-1.720588,7.820646,9.230384
-1.191794,5.822470,9.480443
-1.440771,4.151829,7.987202
1.748118,1.880029,9.433411
0.100941,3.027088,8.970001
1.304206,3.487059,8.748616
2.087056,2.045828,8.516486
1.511824,2.237912,8.462999
1.662088,2.434058,8.750910
2.114914,2.295429,8.941030
1.452177,2.171383,9.783264
2.739176,1.889206,10.226027
3.316114,3.127800,10.446428
2.820617,2.102559,11.813559
-0.044735,0.135353,11.399470
-2.751172,2.581800,10.486543
-0.681353,4.031911,10.060856
-0.167471,3.557029,9.265942
-0.022286,3.300515,7.060113
-0.933706,4.283118,6.746999
-1.374176,4.559558,6.945440
-0.825686,5.119029,7.016658
0.392294,5.738736,8.619000
0.322324,5.996822,11.020939
-0.837943,7.406657,8.221199
-1.001382,6.092030,9.542382
-0.924529,4.306059,8.721089
1.855286,2.425800,8.253514
0.742147,3.328765,9.634147
0.205324,3.183088,8.934442
0.883235,1.799735,9.065207
1.200086,1.892057,8.997858
1.363853,2.165647,9.192529
1.375324,1.954589,9.362292
1.155514,2.005714,9.677571
1.728618,1.716000,9.905999
2.302147,2.161059,10.531149
1.461943,2.579571,11.284371
1.367294,1.556559,10.727295
-1.158530,2.200059,10.198501
-1.674706,4.150058,9.709857
0.298629,3.916714,8.753826
-0.247765,4.300323,7.960588
-1.413176,4.983971,6.822703
-1.106486,5.293972,7.262913
-1.024324,5.487530,7.216147
-0.917647,5.306295,7.727737
-0.090618,5.414117,8.947060
-0.413400,6.437229,9.890401
-1.571470,6.783706,7.228765
-1.719441,5.945205,8.656854
-2.231030,4.747677,10.419882
0.045686,3.925629,7.706400
0.860294,2.182853,9.559591
0.129618,2.600382,9.657089
-0.086914,2.510487,9.394544
0.500118,2.092235,9.503382
1.351235,1.842177,9.245295
1.889829,2.152800,9.358884
2.091089,2.061265,9.331324
1.691911,2.218411,9.212031
1.693058,1.953441,9.303797
1.824085,1.684800,9.406799
1.603588,1.297323,10.078059
1.796294,2.131235,9.527471
2.682086,2.654229,9.952801
2.840118,2.416853,10.356795
1.888059,2.086500,11.501556
1.546235,1.231941,10.594236
-2.318828,2.414658,10.105459
-0.505742,3.278516,9.533612
0.734118,4.177588,9.031943
0.011471,4.732764,7.898646
-0.697412,4.723588,6.516442
-1.250228,5.481171,6.379286
-0.691676,5.817884,6.363882
-0.450794,5.591910,7.462764
-0.530400,5.004255,9.063600
-0.724941,7.330853,10.328117
-1.694206,6.922502,6.250325
-2.099315,6.243343,10.717198
-1.072500,4.569881,9.561882
0.490941,2.921559,8.085619
1.620171,2.229686,9.283115
0.641206,3.540971,8.996381
1.223912,2.609559,8.607531
1.030714,2.346686,8.691429
1.995882,2.619883,8.707322
1.547382,2.463881,8.912648
1.266943,1.925487,9.128231
0.961235,1.685030,9.637589
2.089941,2.024559,10.614882
3.726172,2.948401,10.400743
2.713942,2.419147,11.303121
1.049559,0.861441,12.001678
-2.383589,1.075941,10.421029
-0.612858,3.433114,10.607998
0.375088,3.180794,9.694942
0.018353,3.340236,7.496030
-0.405600,4.044858,7.144799
-1.083970,4.299176,7.124383
-0.922235,4.753411,7.190910
-0.057353,4.749970,7.539617
0.359914,5.290627,8.263544
0.071118,5.914237,9.785560
0.122735,7.034912,8.817441
-0.239572,7.326431,10.473170
-1.218176,3.831176,7.301029
0.103235,3.405618,9.575646
1.027372,2.134972,9.269740
0.303971,3.810529,8.643090
1.846765,2.580882,8.700441
1.142143,2.169514,8.574430
1.147058,2.492559,8.920677
1.533618,2.143853,8.597208
1.347171,1.858628,9.026829
1.145911,1.550823,10.127384
3.452647,2.115176,10.554089
2.957314,2.776800,11.677713
1.946559,0.870618,11.486646
-2.336559,0.788029,11.015207
-1.865314,3.474342,10.919998
-0.465706,3.499676,9.973675
-0.014912,3.425117,8.063824
-0.088029,4.275513,6.875143
-1.046118,4.407001,6.663265
-0.946324,5.153736,5.960117
-0.452400,5.500115,6.631113
0.798353,5.457705,10.223734
-0.907324,7.726589,10.423321
-2.364514,7.249542,9.250799
-1.947706,4.794705,8.036295
-0.206471,3.154412,9.798179
1.101177,1.452176,8.621293
0.377743,3.087685,9.362227
1.415470,2.703618,8.757793
1.667823,1.724030,8.601795
1.365000,1.941086,8.839629
1.592118,2.133530,8.966560
2.030294,1.717147,8.972295
1.683882,1.788265,9.623820
2.272029,1.835229,10.532229
3.059206,3.122295,10.384325
3.035118,2.509764,11.093208
1.297029,0.329828,11.888312
-2.093383,1.095441,10.542622
-2.387029,3.609794,10.402676
-0.033429,2.939486,9.762256
-0.090618,3.254207,7.824088
-0.921088,4.276236,7.024589
-1.149353,3.945883,6.756176
-1.153286,4.287771,6.927515
-0.750177,5.568969,7.922737
0.270706,6.296207,10.344177
-1.198972,6.944228,8.654658
-1.784823,6.034676,11.030115
-2.111736,3.972265,8.722237
1.978677,1.265205,8.279471
-0.037886,2.574000,10.007401
-0.308559,2.720823,9.134032
1.236529,1.518706,9.066353
1.478657,1.634657,9.259713
1.008264,1.993588,9.271674
1.812353,1.405147,9.358855
2.337706,1.736646,9.388675
2.064771,1.234629,9.971744
1.703382,1.844470,10.218002
2.817176,2.961706,10.135413
3.101057,2.688772,10.478742
2.223000,1.365000,11.525647
-1.050310,1.280276,10.433173
-2.142771,3.327257,10.214658
-0.464559,2.778176,9.636440
-0.613676,3.282883,8.076441
-0.627441,4.790117,7.075059
-1.279200,4.860515,7.133656
-0.930265,5.100970,6.463676
-0.316588,5.793796,7.033764
0.731823,5.829352,8.500851
0.255171,6.957600,10.009628
-0.799500,7.235648,6.892676
-2.498295,5.587323,10.112471
-0.982800,4.157400,10.681544
0.734118,0.477176,7.609588
-0.145676,2.083059,10.292563
0.220629,2.621914,9.402342
1.647176,1.712559,9.256763
1.635706,1.635706,9.082412
1.666971,1.720457,9.029058
2.231030,1.512971,9.280852
2.346883,1.917882,9.354266
2.311324,1.987853,9.653649
1.916571,1.613486,10.098770
2.543030,3.042000,10.078061
2.609559,2.482235,10.688295
1.458600,0.375514,12.234859
-1.301912,1.604735,10.928028
-1.875441,3.659118,10.423326
0.046800,2.594056,9.588429
-0.315441,3.861000,7.315940
-1.103471,5.042472,6.671295
-0.954943,4.812601,6.391543
-0.861441,4.839442,6.118414
-0.161735,6.260647,7.679558
0.473571,6.145286,11.052602
-1.200971,8.031706,9.159266
-0.821294,5.870646,8.916089
-1.874228,4.335686,8.442942
1.421206,1.831853,9.724765
0.268412,1.678147,9.128294
0.166029,2.950628,9.149399
1.707970,2.458148,9.021617
1.951147,2.189735,8.383856
1.593264,2.485677,8.539853
2.147229,2.109343,8.781685
2.061265,2.111736,9.564178
1.378765,2.286088,10.679116
3.596914,2.415772,10.054200
3.272558,2.592352,11.849121
1.618501,-0.236294,12.089997
-3.779658,1.799571,10.729457
0.175500,2.936471,10.067735
0.572382,2.842412,9.160411
-0.617314,3.265971,7.324200
-0.364765,3.471000,7.382470
-0.215647,3.451500,7.513235
-1.467514,4.419257,7.308599
-0.176647,5.145705,8.366647
-0.362471,5.238619,10.704351
-0.842400,7.143684,9.239657
-1.096727,6.959725,7.904000
-0.043588,5.317764,10.142293
0.352114,1.664743,7.315285
2.021116,2.178266,10.415296
-0.638912,3.091324,9.195969
1.593429,2.130515,8.920972
1.560000,1.406294,8.625881
1.430382,1.772206,8.833500
1.691486,2.029115,9.029058
1.769912,2.167941,9.506824
1.170000,1.943117,10.367119
3.479914,2.633057,10.203514
1.813500,1.818088,12.204701
0.072265,-0.464559,11.663292
-2.900486,2.471485,11.599710
-0.052765,3.199147,10.425618
-0.370500,2.458147,8.795646
-1.446343,3.801943,7.159287
-1.015147,4.482706,6.376501
-1.175735,4.177588,6.033528
-1.300371,4.978629,6.283458
0.086029,5.983058,9.485028
-0.345265,7.575175,11.449942
-1.090885,6.896315,10.708284
-3.105088,4.580206,6.168882
0.910765,3.261088,10.695174
0.590571,1.307057,8.896458
-0.495529,2.975471,9.244148
1.113794,2.416853,9.083558
1.606800,1.886485,8.262429
1.828412,2.286088,8.380411
2.053235,1.885764,8.581147
2.072571,2.290972,9.305402
1.952294,2.047500,10.318939
3.498529,2.174824,10.382029
2.365235,3.025941,10.883296
1.060800,0.858000,12.145713
-2.028000,1.183765,11.324911
-1.626529,3.635029,11.199883
-0.276343,3.000772,9.431314
-1.031483,3.714414,7.145069
-1.373914,4.487228,6.728056
-1.114942,4.581353,6.256059
-1.288147,4.797001,6.391410
-0.914829,5.475601,8.356030
0.411794,6.663267,10.511650
-1.144765,7.678413,7.359529
-2.082600,4.946312,10.894370
-1.896088,3.563911,10.097556
0.824735,0.952059,8.788765
-0.329206,2.600383,10.009235
0.503657,2.545028,9.029056
1.763030,1.491176,8.628178
1.370736,1.860529,8.879381
1.805143,2.121600,9.000086
2.405382,2.091088,8.901177
2.095676,1.935088,9.042266
2.150572,1.495371,9.899316
2.897471,2.673794,10.723852
3.584559,3.056912,11.695412
1.332686,0.977228,11.523941
-1.854794,3.079854,10.944091
-1.125265,3.711882,10.001205
-0.388886,3.808628,9.156088
-0.274147,4.361117,7.242529
-0.883235,5.154881,6.515295
-0.679714,4.723457,6.190973
-1.158529,5.032147,5.924561
-0.102088,6.198707,7.904381
0.669686,6.974314,11.585229
-1.861676,7.735765,8.237027
-1.827265,4.660500,8.472177
-1.297029,4.483886,10.469831
0.868323,1.235382,8.487089
-0.088324,2.672647,9.893381
0.301971,2.969571,9.240771
1.883471,1.642588,8.717649
1.836441,1.947706,8.565086
1.633543,2.107115,8.693659
2.473059,2.115176,8.842676
2.463882,2.167942,9.186791
1.900972,1.811829,10.421918
2.817177,2.696736,10.778913
2.964000,2.955970,11.522205
1.683686,0.508114,11.530626
-1.896089,1.264059,10.317796
-1.128706,3.801353,10.460030
-0.013765,3.695823,9.740823
-0.746572,3.931200,8.076343
-0.722647,4.122530,6.893823
-0.843088,4.308354,5.843116
-1.233514,4.517315,5.721858
0.052765,5.607971,8.021383
0.235147,6.142500,12.633705
-0.942686,8.263542,7.414456
-0.970412,6.378795,8.321913
-0.931412,4.941528,10.142294
-0.084686,1.636886,8.281370
0.707735,2.239059,9.690357
0.345265,3.795618,8.951648
2.045829,2.972914,8.769428
1.236529,2.703619,8.373530
1.813500,2.554500,8.350590
2.218542,2.167286,8.353804
1.738941,1.900677,9.022767
2.070441,1.441853,10.164089
3.238114,2.741143,10.985742
2.944500,2.957118,11.258382
1.147059,0.671029,11.735559
-1.848600,1.144372,11.102743
-1.962618,3.601764,10.898206
-0.416382,3.339088,9.682324
-0.310853,3.584559,7.673823
-0.291943,4.343485,6.714685
-0.956647,4.244118,6.423530
-1.300764,4.709825,6.483177
-0.453514,5.569200,7.836771
0.707735,5.437058,10.800709
-0.055059,7.557970,9.334768
-0.747685,6.235542,7.674085
-2.336559,4.805028,10.353353
0.281029,3.395294,8.526090
1.604571,1.629086,9.393429
-0.377382,3.360882,9.392119
1.097735,2.836676,8.890851
1.526571,1.672543,8.806197
0.953206,1.932794,8.804824
1.420059,2.075030,9.018177
1.977857,1.938857,8.975570
1.675853,1.837588,9.735088
2.372118,1.791706,10.262733
2.970686,2.822486,10.503256
3.063795,2.432911,11.336385
0.373941,0.788029,11.262969
-2.481088,2.400794,11.017495
-1.156629,3.341743,10.489887
-0.310853,3.306970,9.280853
-0.629735,4.255588,7.379028
-0.987257,4.209772,6.879600
-1.494618,4.493029,6.291619
-2.212935,5.077549,6.691644
-0.347559,5.398059,8.418265
0.776657,6.549772,10.616915
-2.126647,7.221883,7.785088
-2.694343,5.229342,10.480972
-2.233324,4.652470,9.621530
1.375323,1.278971,8.011060
0.195000,2.311029,10.176773
-0.837353,2.896324,9.494204
1.316824,2.049794,9.099617
1.652485,1.327114,8.983373
1.313382,2.197764,8.968854
2.179412,1.936235,8.905765
2.607264,1.873147,9.035381
2.333314,1.698171,9.458058
2.142706,1.915588,10.432497
2.950235,2.935324,10.752530
2.740029,2.723314,10.986858
0.422118,0.774265,11.896146
-1.902970,2.280353,10.677971
-1.456371,3.801943,10.095427
-0.440471,3.327617,8.870208
-0.573529,4.264765,6.983295
-0.899229,5.130170,6.584313
-0.823588,4.883029,6.599029
-0.804088,4.978237,6.321440
-0.192771,6.049457,7.953772
0.517324,6.485470,10.653883
-1.413176,7.536178,7.960588
-1.204543,5.994857,8.436254
-3.001852,3.905735,11.366207
0.276441,2.126646,7.972059
0.775543,1.190057,10.067572
-0.387706,2.613001,9.535500
1.319118,1.677000,8.827765
1.591200,1.305943,8.825142
1.896088,2.039471,9.067500
2.572853,1.929353,9.058326
2.383457,1.965600,9.338827
1.772206,2.184000,9.974825
2.038324,2.088794,10.463468
2.781257,2.724429,10.611343
2.315912,2.487971,11.903030
0.898147,0.021794,10.824795
-2.324401,2.323286,10.496572
-0.607941,3.785295,10.204239
-0.531088,3.093618,8.921823
-0.600600,3.676030,6.921943
-0.622853,4.597412,6.777970
-0.986471,4.147765,6.816971
-0.843514,4.701170,6.623316
0.136500,5.254676,8.947058
0.033265,6.267529,11.012910
-0.569400,7.689685,8.274687
-0.110118,6.719471,7.190911
-1.613912,4.295734,11.195296
-0.447943,2.594057,8.439600
0.898147,1.558852,9.634148
-0.324618,3.131470,9.191383
1.344943,2.259772,8.807314
1.534765,1.970647,8.683235
1.556559,2.303294,8.699293
2.069229,2.250857,8.597827
1.978677,1.927059,9.150086
1.224600,1.874229,10.281517
3.118852,2.311324,10.485268
2.623324,2.822912,11.470590
2.166795,0.955500,12.332028
-0.938229,0.622886,10.896600
-1.744676,3.390706,10.823649
-0.339857,3.181286,9.833571
-0.704294,3.193413,8.137236
-0.611382,3.654530,6.830735
-1.034057,4.345714,6.228858
-1.186059,4.476971,5.913089
-0.793765,5.516205,6.836471
0.313114,5.373086,11.283256
-0.871765,8.992939,10.094119
-0.774265,6.612794,5.812147
-1.313743,4.518430,12.033172
-0.478323,2.686412,7.752971
1.461353,1.952294,9.934675
-0.494743,3.035314,9.454717
1.416618,2.048647,8.306999
1.491177,1.623088,8.426295
1.677000,2.379001,8.647970
2.426030,2.244794,8.502003
2.334265,1.932794,9.246444
1.301485,2.025771,10.477628
3.076412,2.518941,10.950967
2.633646,3.015617,11.468293
2.132742,0.854657,11.425883
-2.872236,1.251441,11.467148
-1.323706,3.375795,10.978497
-0.050143,2.822486,9.822430
-0.719206,3.150970,7.653177
-1.178029,4.005530,6.620823
-1.147714,4.010314,6.449487
-1.118382,4.619206,6.384529
-0.710029,6.246882,7.793117
0.826313,5.826844,11.286842
-0.654971,7.973208,8.918380
-1.044086,6.744771,8.097515
-2.180559,3.980294,10.053972
0.579265,2.322794,8.477912
1.010657,1.836343,9.817972
-0.368206,2.869941,9.432267
1.494257,1.936628,8.558829
1.808912,1.413177,8.546735
1.828412,2.092236,8.851854
2.206285,2.017972,8.778341
2.170235,2.079618,9.446028
1.600147,2.096823,10.098705
3.079885,2.308800,10.348369
2.886000,3.013324,10.536880
1.826118,1.242265,12.026911
-1.050771,0.416743,11.454859
-2.389324,3.651089,11.018651
0.276441,3.140647,9.713293
-0.260743,3.185743,7.884686
-0.972706,4.355383,6.529058
-1.054147,4.518265,6.757324
-0.912600,4.476084,6.531944
-1.040382,5.125059,7.206971
0.186971,6.048441,9.517149
-0.021171,6.806056,9.961715
-1.062177,7.049823,9.623822
-2.721971,4.388647,8.084470
0.113657,3.652629,9.995143
0.807529,1.003676,9.051440
-0.867177,3.210616,9.507971
0.585000,2.521628,9.007886
1.530177,1.979823,8.934441
1.470529,2.788500,9.037674
1.463057,2.301001,8.831830
2.062412,1.760735,8.864469
2.003911,1.727471,9.045706
2.146114,1.440771,10.236944
3.037412,2.478794,10.871826
2.876823,3.068382,11.149411
2.065885,1.163314,11.510572
-1.652912,1.540500,10.691734
-2.065853,3.504265,10.273058
-0.649629,3.347315,9.696512
-0.192706,3.532942,7.935354
-0.673324,4.574471,6.556589
-1.297028,4.931829,6.514113
-1.134441,5.301706,5.916529
-0.785735,5.932588,7.281530
1.437264,5.468030,11.488940
-0.620657,8.613429,8.435144
-1.875442,6.313412,8.076440
-1.566686,5.252742,10.255885
0.349853,1.374176,7.482264
1.059882,2.036030,9.958765
0.181629,2.666487,9.293141
1.248000,2.274618,8.824323
1.850206,1.955736,8.969999
2.167286,2.155028,8.655771
2.289529,2.134677,8.826617
2.291823,2.097970,9.025057
1.559999,2.104886,10.101003
2.751795,2.256264,10.469205
2.939912,3.079853,10.597675
2.094529,1.643736,11.857146
-1.184486,0.638486,11.342316
-1.589823,3.726794,10.883294
0.254647,3.582265,9.264795
-0.196114,3.525600,8.016172
-0.568941,4.189058,6.751589
-0.777706,4.320972,6.838765
-0.804514,4.503943,6.956486
-0.123882,5.482941,7.181735
0.402618,5.583881,9.191383
-0.561600,6.274544,10.713860
-1.913294,7.264324,8.160177
-0.975000,5.482942,9.900266
-1.171114,3.726172,8.724858
1.366147,1.948853,9.187939
0.256941,2.193177,9.303795
0.367714,2.775686,8.786141
1.699942,1.872000,8.819732
1.531324,2.368677,8.651117
1.919914,2.296543,8.590025
2.201206,1.952294,8.819735
2.007353,2.206941,9.366884
2.026886,2.094857,10.323857
2.877970,2.536147,10.633237
2.666912,2.890589,11.631178
1.233514,0.795600,11.295514
-2.442088,1.576059,11.038148
-0.746735,3.378088,10.494442
-0.114706,2.960560,9.759176
-0.885857,3.463200,7.909199
-0.646941,4.150059,6.839911
-0.847677,4.374882,6.338649
-0.900343,4.569686,6.284573
-0.497824,5.809851,7.406559
0.481765,6.026647,11.020940
-0.659657,8.295858,9.201772
-0.404625,6.281437,9.263720
-2.664257,4.665514,8.938800
1.106912,2.204646,9.100766
0.512735,1.648324,9.740824
-0.737657,3.434230,9.020144
1.672412,2.709352,8.691263
1.796294,2.056676,8.242769
1.560000,2.397943,8.605631
2.112882,2.157618,8.723381
2.147295,1.796294,9.215467
1.383943,1.668086,10.153369
2.694441,2.561382,10.645855
2.925000,2.900911,10.946383
2.292086,1.039628,11.829259
-1.677000,0.897000,11.000294
-2.214971,3.755471,10.706648
-0.170486,3.263743,9.832458
-0.696265,3.264530,7.935354
-0.887824,4.108765,6.737823
-1.273628,4.243200,7.076830
-0.827029,5.263853,6.799764
-0.529941,4.993147,7.192059
0.499200,5.248286,9.407917
-0.864882,6.915617,9.727061
-1.702235,6.845646,10.673383
-2.166172,5.278373,7.782171
0.410647,3.180794,8.849558
1.133294,1.199824,9.565323
-1.524342,3.122229,8.927657
1.042676,2.657735,9.466679
1.943117,1.601294,8.521501
1.300372,2.199599,8.922087
1.798588,1.769912,8.955089
2.477647,1.736647,9.186793
2.229685,1.950000,9.728827
2.146147,1.861677,10.365972
2.494853,2.821765,10.316645
1.941086,2.656457,11.299973
0.924529,0.763941,10.745648
-2.142706,2.837824,11.028969
-1.299257,3.440914,10.367314
-0.363618,3.404471,8.957383
-0.415235,4.524001,7.280381
-0.754371,4.682230,6.621086
-1.133294,4.677708,6.266382
-1.350088,5.141118,6.889235
0.106971,5.885658,8.831828
-0.142235,7.149618,9.649061
-1.207853,6.970676,7.756411
-1.729371,5.589256,9.984000
-2.424882,4.825676,9.411617
1.217030,1.728618,8.670618
0.436800,1.684800,9.781199
-0.744441,2.896324,9.379498
1.419600,2.760086,9.274202
1.351235,2.381294,8.973439
1.155088,2.649707,8.976884
1.781743,2.297657,9.015688
2.257411,2.095677,9.060617
1.878882,1.980970,9.093883
2.011285,1.698171,10.096541
2.510912,2.341146,10.517385
3.387264,3.227823,10.157207
1.977857,2.528314,11.323374
0.500118,1.030059,10.984234
-2.762118,3.518029,10.558678
-0.763286,3.464314,9.881486
-0.650383,3.540971,8.201469
-0.355588,4.312942,6.979855
-1.551086,4.820399,6.367029
-1.516412,5.253529,6.833030
-0.609088,5.908499,7.369853
0.976114,6.077314,8.996741
-0.689382,6.992470,9.762617
-1.644882,6.496941,7.638265
-2.000143,5.408742,9.127113
-0.761647,4.137441,10.394647
0.705441,0.903882,8.347149
0.293057,1.952228,9.774515
0.352147,2.766706,9.000969
1.826118,2.442088,9.121413
1.596771,2.683200,8.776114
1.718294,2.574000,8.614412
1.667823,2.321646,8.843822
1.450800,2.001257,9.745544
1.781382,2.158765,10.981940
3.177943,3.021943,10.424142
3.262235,2.964000,11.312294
1.701088,0.706588,11.012913
-2.486824,1.526735,10.440529
-0.260743,3.411942,10.122171
0.486353,3.081001,9.397850
-0.933771,3.838715,7.408887
-0.663000,3.991765,7.291852
-0.472588,3.963089,6.882354
-1.030714,4.372456,6.773741
-0.375088,5.215677,7.489146
-0.146824,5.609119,10.438235
-0.439029,6.890743,10.224686
-0.134206,6.553148,9.760326
-2.363157,4.030407,7.631814
0.860294,2.892883,9.808499
0.932559,1.830706,9.339354
0.307543,3.462085,8.690314
1.713706,2.348029,8.590325
1.635705,1.916736,8.307000
1.473086,2.122714,8.809545
1.596706,2.075030,9.021618
1.613912,1.952294,9.471265
1.437429,2.401286,10.414113
3.646501,2.279207,10.340736
2.508618,2.536147,11.417825
1.469743,0.747686,12.153516
-1.794000,0.766235,10.759409
-1.398265,3.511147,10.963592
0.145971,3.232543,9.781201
-0.719206,3.230117,7.769028
-0.791471,3.787588,6.885794
-0.710914,3.853200,6.750343
-1.040383,4.192499,6.617382
-0.517323,5.306294,7.420323
0.108086,5.896800,10.491003
-0.370500,7.533882,10.421028
-0.838500,6.993618,8.209502
-1.825200,4.100572,8.600056
-0.402618,2.858471,9.782118
0.875828,1.739400,9.362228
-0.651529,3.334501,9.117970
1.178029,2.404235,8.982615
1.713771,1.777286,8.315915
1.503794,2.010794,8.680940
1.984412,1.818088,8.552472
2.142772,1.962257,9.290915
1.492324,1.847912,10.283382
3.310413,2.381294,10.511646
2.848114,2.972914,11.449285
1.470530,1.203265,11.868620
-1.674771,0.492514,10.914426
-1.922471,3.660266,10.940649
-0.407206,3.014471,9.733939
-0.602829,3.333943,7.711972
-0.660706,3.995206,6.951177
-1.055294,4.358823,6.139060
-0.975000,4.668856,6.289027
-0.771971,5.208793,7.393940
0.582706,5.790355,10.425616
-0.631800,8.031773,9.741086
-0.732971,6.214765,6.231970
-3.084441,5.490970,11.857147
-0.217285,3.616970,8.413974
1.293883,0.900441,9.214322
-1.423500,3.333353,9.561885
0.802286,2.218543,8.981142
1.835294,1.502647,8.851854
1.601294,1.699941,8.705029
1.787314,1.607914,8.783915
2.053236,1.554265,9.403588
1.923618,2.320499,9.708706
1.952229,2.099314,10.431944
3.266824,2.515500,10.891323
1.826118,2.335412,12.396266
0.340971,-0.401143,11.148430
-2.874530,2.634794,10.938353
-0.476029,3.591442,10.629793
-0.002229,3.423086,8.553258
-1.219324,4.546942,6.738972
-1.227353,4.545795,6.347826
-1.021800,4.920687,5.564743
-1.211294,5.006912,6.381087
-0.041294,6.110382,8.604089
0.031200,6.478457,10.982402
-2.021117,7.439824,9.216619
-2.213823,5.872942,9.026205
-1.841914,4.288885,9.000087
1.259471,1.545088,9.089293
0.303971,2.042912,9.343942
-0.471343,3.127800,9.130458
1.377618,1.941971,8.906911
1.621941,1.580647,8.305852
1.897629,2.287629,8.896459
2.255117,2.048647,8.877088
2.097971,1.988999,9.314118
1.159971,1.916572,10.446429
2.282647,2.077323,10.695178
2.903206,3.093618,10.923439
2.589601,1.820743,12.116746
-0.521912,0.017206,10.816765
-2.151686,2.265343,10.399627
-0.294794,2.845854,10.150325
-0.718059,2.798824,9.129440
-0.722647,3.395294,7.660058
-0.803400,3.554572,7.158171
-0.987617,4.294588,6.534794
-1.112647,4.802736,6.339794
-0.229543,5.874514,8.614543
-0.170912,5.923411,12.073942
-0.988765,7.830971,7.130118
-0.961629,5.739686,9.620745
-1.660941,3.624707,10.133116
1.496912,2.042912,8.184266
-0.066182,2.614182,9.664909
0.365912,3.344824,8.616706
1.989000,2.131629,8.407287
1.507235,2.135824,8.495116
1.354676,2.346882,8.776148
1.990114,1.776171,8.977801
1.276677,2.068147,9.901412
2.192030,2.037176,10.577028
3.150087,2.780142,10.681546
2.311323,1.821529,12.162268
0.463412,-0.165176,10.911969
-2.902714,2.560628,10.951198
-0.399176,3.725647,10.314354
-0.320914,2.961771,8.933228
-0.626294,3.547853,7.084234
-0.555176,3.862148,6.774529
-0.851314,4.021457,6.394886
-0.750177,4.848618,6.628853
0.084882,5.933735,9.306088
0.094059,6.806645,11.743588
-1.386171,7.606114,7.963800
-1.145912,5.120472,9.474708
-0.851314,2.733343,9.333259
1.164265,1.768764,9.265944
-0.773118,2.825206,9.417355
1.030714,1.991228,8.984486
1.230794,1.550824,8.528380
1.389089,2.132382,8.941324
2.081486,2.102657,8.600060
2.319353,2.045206,9.178764
1.512971,2.251677,10.296001
2.948399,2.148343,10.441971
2.413412,2.686412,11.771122
1.231941,0.630882,11.480911
-2.800200,1.928828,11.351232
-1.198677,3.729088,10.972766
0.001147,3.170471,9.766061
-1.066371,3.955715,6.936429
-0.963529,4.534324,6.425825
-1.164264,4.436823,6.028942
-1.271400,4.850486,5.828828
-0.480618,5.778883,7.993851
0.579265,7.438679,10.959000
-2.007943,7.576030,8.694773
-3.053471,4.551529,9.769500
-0.638912,4.515972,9.315264
1.755000,0.396686,8.536544
-1.085118,2.584324,9.847500
-0.066529,2.738030,9.087002
2.085943,1.575600,8.977799
1.835294,2.252823,8.553620
1.587530,1.922471,8.590324
1.976743,1.914343,9.130459
1.997029,2.115176,9.563030
2.124353,1.899529,10.625207
2.532771,3.091029,10.808571
2.208088,2.048647,11.541707
0.619412,0.090618,11.541704
-2.829171,2.894914,10.933371
-0.947470,3.811677,10.340736
-0.289059,3.427412,8.519206
-0.418971,4.006972,6.989913
-1.098882,5.072295,6.277852
-0.725400,4.649915,6.457287
-0.757059,4.869267,6.566912
-0.047029,5.794942,8.055794
0.063514,6.750343,9.668658
-1.252589,7.242529,9.811942
-2.117471,6.139058,9.733941
-1.292571,4.383601,8.331515
1.860530,1.252588,9.381793
-0.410647,2.642824,9.563032
-0.289714,3.148972,9.539400
1.685029,1.611618,9.028502
1.821529,1.738941,8.488235
1.833000,2.220772,8.718171
2.646265,1.780235,8.738295
2.123206,2.178265,9.213175
1.580057,1.685914,10.020770
2.359500,2.618735,10.512797
2.930735,2.879117,11.074852
2.363400,1.427400,11.759059
-1.456765,0.825882,10.181296
-1.001382,4.436823,11.196441
-0.632914,3.842057,10.990200
-0.661853,3.839206,7.665793
-0.309706,4.245265,5.924559
-1.180028,4.194172,5.802086
-1.296177,4.574471,5.641236
-1.381059,4.666234,7.627941
0.441257,5.467800,10.122174
-1.248000,7.153059,9.440294
-1.711412,6.864001,7.482265
-3.410829,3.898886,13.951970
0.108971,3.466412,7.588940
1.772206,1.478559,8.897733
-0.583886,2.987400,10.545602
0.604500,2.225294,8.331089
1.273235,1.332882,9.650203
1.779514,1.738286,9.158317
2.280871,1.455580,9.517260
2.631353,1.496912,9.353116
2.638236,1.970647,9.269383
2.028000,1.480886,9.573940
1.514118,2.611853,9.837176
2.700177,3.224382,9.948444
2.631943,2.747829,10.936714
2.562529,1.335177,12.200116
-0.703114,0.716486,10.101002
-2.276912,3.032824,10.531146
1.246853,3.144088,10.211120
-0.601714,3.901114,8.262428
-0.429000,4.860087,6.592146
-0.722647,4.357676,6.274410
-1.223486,4.930714,5.599286
-1.188353,5.481793,6.551998
-0.424412,6.017470,8.688971
-0.248486,5.977028,11.541773
-2.353765,7.805734,7.348058
-1.782529,6.385677,8.070705
-1.327114,5.795400,11.354571
0.044735,2.169088,7.132412
1.062176,2.904353,10.045941
0.312000,2.452543,9.354432
1.570323,2.439794,8.576560
0.385412,2.130088,9.272822
0.842400,2.002371,8.793942
1.953441,1.932794,8.745177
2.089941,1.819235,8.980326
1.092000,2.582914,9.391199
1.635706,1.713706,10.328122
3.087884,2.803412,10.887886
2.784600,3.225857,10.562313
2.158764,0.862588,12.272383
-1.501500,0.063088,10.712383
-2.680972,3.566828,11.720056
-0.032118,3.084441,10.109030
-0.560912,3.323030,8.277176
-0.688628,4.217572,6.144171
-1.159676,4.279676,5.620587
-1.028912,4.497618,5.493266
-1.073057,5.180315,6.884058
0.256941,5.936030,10.152617
-0.767382,7.516678,11.206765
-1.370571,7.045627,5.785370
-1.868559,5.581587,11.968410
-0.729529,3.518029,9.153530
1.151057,1.469743,8.396143
-0.735265,2.601529,10.130824
1.180324,2.757530,8.568531
1.766143,2.061429,8.600056
1.306500,1.951147,8.577707
1.608176,1.951147,8.574265
2.161714,2.272028,9.257485
1.368442,1.966059,10.583911
3.009686,2.461457,10.768460
2.463883,3.456088,10.926884
2.041764,0.858000,11.250351
-2.489314,1.075286,11.096061
-2.083058,3.597177,10.853471
-0.065382,3.344824,9.610060
-0.479143,3.760714,7.421143
-0.649235,4.393236,6.390264
-0.860294,4.057147,6.285882
-0.980572,4.346828,6.670114
-0.542559,5.732998,7.654324
0.099794,5.298266,10.503613
-0.795600,7.690801,10.911087
-1.498059,7.088825,7.576324
-0.161735,4.919735,9.458650
-1.682572,2.732229,8.507572
1.823823,1.953441,9.708704
-0.750176,3.436588,8.882825
1.003971,3.185743,8.709257
1.618500,2.373265,8.647676
0.962382,2.395059,8.415970
1.401772,2.318828,8.630144
1.781382,2.093382,8.778440
1.484294,1.760735,9.536645
2.899372,2.139428,11.175174
2.730000,3.070677,11.603645
1.947706,1.312235,12.162266
-1.382829,0.975000,10.708288
-1.813500,3.765795,10.704353
-0.120441,3.421676,9.924355
-0.766629,3.572400,7.919231
-0.751324,4.298029,6.649499
-0.858000,4.080513,6.144172
-1.121823,4.393236,6.420088
-0.833911,5.122764,7.502913
-0.274114,5.600399,10.323857
-0.996794,7.522411,10.627500
-1.094295,7.693325,7.567149
-0.644057,4.341258,9.244116
-1.207853,3.148676,9.161559
1.509529,1.608176,9.264794
-0.379971,3.170144,8.844085
1.034647,2.726559,9.273973
1.511824,1.987853,8.490530
1.244657,2.368972,8.704801
1.816862,2.239138,8.828793
2.131235,1.967206,8.957379
1.723800,1.999029,9.845830
1.847912,2.063559,10.415293
2.259706,3.387265,10.497881
2.631943,2.917200,11.239802
1.752706,0.830471,11.874352
-1.522147,1.764176,10.520823
-1.424647,4.050266,10.723853
-0.397800,3.054256,9.579515
-0.503559,3.332206,6.936264
-0.552882,4.068618,6.579530
-0.850200,4.429286,6.652285
-0.837353,4.661646,6.727500
-0.174353,5.485236,7.700204
0.022286,5.590372,10.161169
-0.429000,7.634824,9.798178
-1.516412,7.104882,6.790587
-0.578314,5.962543,10.794086
-1.141323,3.106236,8.269148
0.871765,2.653147,9.081265
-0.182743,2.929457,9.292029
1.296177,3.137206,8.487088
1.259470,2.415706,8.722235
0.791143,2.312143,8.537658
1.407441,2.163352,8.576558
1.623088,2.017677,8.909204
1.204543,1.975628,10.250319
3.647648,2.345736,11.078293
2.684118,2.939911,11.494678
0.973886,1.295914,12.005315
-1.717147,0.793765,10.895913
-2.337707,3.571941,10.824797
-0.267429,3.411943,9.563914
-0.426706,3.025942,7.403118
-0.672176,4.615765,6.495796
-0.807857,4.657712,6.361458
-0.839647,4.776353,6.312264
-0.408353,5.334971,7.318237
0.571628,6.361458,10.166745
-0.723794,7.818353,10.035619
-1.563441,7.619911,9.269382
-1.977857,4.292228,8.437373
-0.068823,2.682970,9.466676
0.767382,1.875441,9.489616
-0.456857,3.287144,8.822913
1.391382,2.237912,8.643087
1.589823,1.975235,8.450382
1.819235,2.502882,8.747469
2.014628,2.299886,8.753828
1.587530,2.087647,9.028501
0.654971,2.143852,9.993174
3.255942,2.266458,10.765114
3.417088,3.072971,11.118443
1.995883,1.705677,12.129000
-0.831257,0.382200,10.758430
-2.981206,3.225530,10.642412
-0.409500,3.615531,10.266178
-0.377743,3.204686,8.340427
-0.396882,4.033060,6.639176
-0.955500,4.543501,6.734382
-1.283657,4.511744,6.198773
-1.129853,5.172089,6.747002
0.585000,5.094088,10.140001
-1.495371,8.240143,10.657028
-1.488882,7.467353,10.324676
-2.631353,4.747676,7.326265
0.713143,2.175085,9.430202
0.137647,2.014235,9.200557
-0.648088,3.253059,9.096178
1.415143,1.915457,8.819570
1.250294,1.391382,8.460705
1.623088,2.272323,8.771557
2.325515,1.948886,8.992286
1.512970,2.221853,9.503382
1.771059,1.861677,10.289116
3.307200,2.722201,10.597973
2.271176,2.960559,11.125326
0.454235,0.336088,11.826175
-3.135601,2.081486,11.379084
-1.728617,3.546705,10.363678
-0.300529,3.036265,8.882822
-0.684171,3.864344,6.861772
-1.205559,4.793558,6.165442
-1.545515,4.705627,6.994373
-1.258323,5.050500,6.897264
-0.414088,5.674500,8.029411
0.582772,5.984828,10.576803
-1.651765,7.414587,8.598352
-2.107147,6.732089,7.664648
-3.004114,4.567457,11.006916
0.259235,3.247323,8.390735
0.936000,0.916500,9.224646
-1.059686,2.597400,9.829117
0.481765,2.369823,8.850707
1.673559,1.561147,9.170735
1.663629,1.926600,8.956630
1.970647,1.855941,8.795647
2.395059,1.620794,9.190236
2.262000,2.078143,9.512658
1.965600,1.677000,10.184200
2.410201,2.588486,10.594626
2.677235,3.203736,10.010379
2.102559,2.068147,11.584146
-0.111429,0.095829,10.994658
-2.149588,3.503118,10.949825
-0.376235,3.598323,9.888795
-0.563828,3.094372,8.263542
-0.731823,4.129413,6.886942
-1.155088,4.460912,6.753884
-1.331572,4.549628,6.371486
-1.100029,5.538001,6.913324
0.757059,5.617147,9.411619
-0.800057,7.389944,10.898827
-1.761882,6.984440,6.270969
-1.473971,5.240912,10.170971
-0.829028,3.722829,10.362855
1.053000,0.897000,8.001882
-0.059647,2.654295,10.036762
0.631800,3.005229,8.840745
1.453324,2.159911,8.787620
1.629971,2.114029,8.482501
2.147229,2.217428,8.390574
2.241353,2.240206,8.843824
1.876588,2.587765,9.877322
2.527200,2.169514,10.640315
2.680677,3.201442,10.762852
2.272324,1.842176,11.610529
-1.185600,0.569400,11.216401
-2.338853,3.842647,11.616266
0.274147,3.554735,9.919765
-0.881400,3.398573,7.806684
-1.158529,3.737118,6.513000
-1.176882,4.051412,6.354707
-1.436314,4.144029,6.692401
-1.111500,5.482942,8.052353
0.131912,6.117265,10.691734
-0.678600,7.953773,9.267513
-1.011706,6.802059,9.876175
-2.707059,3.995206,8.399912
1.016229,2.175085,9.197311
0.536824,1.901823,9.339355
-0.547147,3.266824,9.099618
1.343828,2.145000,8.824029
1.602441,1.982117,8.378118
1.888059,2.567118,8.602943
2.122714,1.923257,8.577771
1.824970,2.271176,9.386382
1.673559,2.272324,10.415293
3.018600,2.649772,10.508829
2.391617,2.968588,11.176939
1.920176,0.770823,11.482057
-2.032458,1.182257,10.817487
-1.324852,3.921794,10.644704
0.039000,3.319588,9.730501
-0.737657,3.462086,7.679656
-0.470294,3.667147,7.038353
-1.035794,4.007824,6.556587
-1.315972,4.761344,6.346973
-0.510441,5.508178,7.570589
0.256941,5.567825,11.486647
-1.083086,8.191113,8.871945
-1.111500,6.132176,9.393265
-2.383456,4.404771,9.206226
1.351236,1.883471,8.465295
-0.340676,2.674942,9.589411
-0.164914,3.284915,9.161658
1.576059,2.242499,8.785323
1.168853,1.812353,8.593764
1.184486,2.393486,8.994514
1.641441,1.907559,8.841529
1.448735,1.961470,9.342793
1.789412,1.994735,10.029881
3.308315,2.587371,10.555627
2.804559,2.662324,11.647237
1.346647,0.845382,11.173500
-2.256429,2.160600,10.728347
-1.626530,5.073440,10.533445
0.322323,4.642147,9.532059
-0.530400,3.736201,7.611687
-1.354677,4.604294,5.981913
-0.695315,4.365772,6.558686
-1.585235,5.728412,5.609118
0.702000,5.828205,8.544443
-0.273000,6.505200,8.462999
-1.612765,6.923647,9.705268
-1.921323,6.369618,9.738530
-2.327743,5.841084,7.646231
0.238588,4.629529,8.484795
1.080529,2.058970,8.971147
-0.372171,2.168400,9.601799
-0.279882,2.760971,9.903706
1.218177,1.820382,9.432264
1.282543,1.829657,9.244115
1.235382,1.664382,9.281999
1.882324,1.579500,9.078972
2.313257,1.726028,9.448027
2.252823,1.533618,9.551555
1.969500,1.537059,9.909445
2.196257,2.106000,10.074258
2.760469,2.992031,9.841406
2.585143,2.400171,10.585712
1.745824,1.266353,11.951207
0.096353,0.621706,10.315503
-2.721086,3.603601,10.757317
-0.030971,2.746058,9.645617
-0.357882,3.552440,7.874558
-0.362143,4.618716,6.428316
-1.112647,4.558413,6.248028
-1.360412,5.024118,6.721766
-0.775543,5.431030,7.623945
0.195000,5.443943,10.083796
-1.217029,7.488001,9.877325
-1.765029,6.693516,8.854115
-2.361794,4.604295,9.343941
-0.236294,3.178500,9.273972
0.632914,1.324886,9.296484
-1.005971,2.676088,9.415062
0.986471,2.256265,9.049147
1.700400,1.858629,8.761628
2.017677,2.329676,8.997532
2.036029,2.233323,8.871354
2.141658,1.870886,9.036860
1.845618,2.116323,9.672001
1.790559,2.069294,10.365973
2.613000,2.663143,10.776260
2.666912,2.688707,11.100088
2.206942,0.806382,11.721794
-1.672543,0.976114,10.189030
-1.588677,3.927529,10.698618
0.606794,3.347118,9.432264
-0.673029,3.723943,7.334229
-0.852265,4.284265,6.647206
-1.098686,4.267715,6.518572
-1.557706,4.870412,6.794028
-0.624000,5.560943,7.860796
0.064629,5.556943,11.254291
-1.051853,7.853913,9.641027
-0.262676,5.996822,8.599499
-2.296543,3.889971,9.040200
1.398265,2.319353,9.485030
0.673323,2.209236,9.029647
0.085800,3.561257,9.099258
1.686176,2.551059,8.370090
1.375324,2.223000,8.317325
1.415143,2.548372,8.798397
1.828412,2.454706,8.601795
1.710265,2.081911,9.114531
0.989486,1.953343,10.085401
2.556795,2.327382,10.557528
2.927293,2.793089,11.198732
2.582915,0.977228,11.935115
-1.354676,0.355588,10.869528
-2.366383,2.922706,10.731880
-0.050143,3.415286,10.355059
-0.692824,3.154412,8.468738
-0.837353,3.855265,7.023440
-0.899229,3.861000,6.804943
-1.148206,3.897707,6.479736
-1.092000,4.997735,6.874323
0.096943,5.720745,10.302684
-0.326912,7.602706,11.106969
-1.011706,7.416882,7.560265
-2.168400,4.418143,9.141603
-0.185823,2.832088,9.850943
0.905029,1.839883,8.833500
-0.274114,3.427543,9.511545
1.170000,2.045206,8.613265
1.070206,1.426941,8.207208
1.623514,2.069229,8.704800
2.259706,2.312471,8.706178
2.171382,2.011941,9.512559
1.989000,1.952229,10.606886
2.875677,2.941060,10.989969
2.221852,2.725412,11.845678
1.445294,0.318882,10.995704
-2.344458,1.934400,10.485429
-1.487735,4.013559,10.516240
-0.548294,3.434295,9.212029
-0.689743,3.515571,7.053428
-0.846530,4.111060,6.420088
-1.289294,3.932118,6.476295
-1.396200,5.151343,6.817201
0.008029,5.415266,9.424234
-0.028676,7.505207,11.032413
-1.338257,7.308600,6.324686
-1.590727,4.774547,10.551270
-1.020685,3.794143,10.611342
1.433824,0.989912,8.112000
-0.213353,2.836677,9.942706
0.998400,2.082601,8.725974
1.407441,1.390236,8.542148
1.941971,1.966059,8.734851
2.489314,2.604086,8.505342
2.309029,2.415706,9.144356
1.423500,2.239059,9.978264
2.557287,2.516057,10.739489
2.175970,2.541883,12.077381
2.322793,0.278735,11.638059
-2.956200,1.966714,11.079341
-0.810194,3.876096,10.701095
0.182382,3.215206,9.537797
-0.784588,3.724500,7.010822
-1.519885,4.480544,5.886771
-1.613912,4.199382,6.014029
-1.355823,5.318913,5.899325
0.072265,4.899089,8.933296
-0.306265,6.966087,11.318029
-1.823824,7.344616,7.826381
-2.277600,5.885658,10.249203
-1.576059,4.348499,9.324442
1.119529,1.005970,8.828913
-0.572743,2.584028,9.406802
0.185824,2.726559,9.267088
2.014236,1.815794,8.508884
1.710429,1.475315,8.532085
1.703382,2.054383,8.748617
2.147228,1.797343,9.050230
1.763029,2.358353,9.930091
2.211529,2.356059,10.489853
3.428657,2.735571,10.646998
2.557941,2.429470,12.689915
0.191559,0.064235,10.855766
-2.404629,2.383457,10.602429
-0.126176,3.631588,10.593088
-0.448500,3.150970,8.682088
-0.863735,4.286558,5.907354
-0.644057,4.710086,5.997085
-1.344353,4.694912,5.497851
-1.748117,5.565529,6.531353
0.189429,5.507915,12.220372
-1.779088,8.944767,9.201707
-1.329441,5.404940,9.150089
-1.932172,3.239228,9.710999
0.938294,1.888059,8.964264
0.189265,2.373265,9.182204
0.869143,2.927228,8.768315
1.443000,2.241354,8.310442
1.626529,2.126647,8.561647
1.861971,2.653115,8.859686
2.391617,2.086500,8.762383
1.057589,1.811206,9.933529
1.489800,2.333314,10.735026
2.759824,2.952530,10.956704
1.584515,2.033571,12.756341
-1.065618,-0.033265,10.263882
-2.432911,2.682971,9.995468
0.003441,3.378088,10.043647
-0.490286,3.393001,8.275802
-0.659559,4.272794,6.603618
-0.329206,5.067705,6.911030
-0.307543,4.382484,6.404915
-0.583853,5.138824,7.161089
0.133059,6.001414,10.029883
-0.191657,7.015544,9.674229
-0.375088,7.941089,8.768118
-0.682500,3.800207,9.708708
-0.191657,2.623028,8.132058
1.844471,2.333118,10.157206
0.305118,3.457235,8.386147
2.025706,1.821529,8.788767
1.116514,1.621286,8.711489
1.440706,2.345735,8.784175
2.255315,1.712657,8.972228
1.578353,2.241353,10.261587
1.861677,2.633647,10.260441
3.374057,2.744487,10.233599
1.827264,0.742147,12.268944
-1.876588,0.385412,10.721559
-1.943314,3.483258,11.229772
-0.058500,3.694677,10.944089
-0.687088,3.183087,7.935353
-0.220235,3.912619,6.366176
-0.755486,4.302257,6.488486
-0.828176,4.923175,5.808706
-0.030971,5.500147,8.695853
-0.148200,5.492316,11.293287
-1.152794,6.747002,8.042028
-0.415235,4.579059,9.629555
-0.244028,3.648172,10.031913
2.054383,1.821529,8.342557
0.528794,3.412499,9.231529
1.039629,2.545027,8.775001
1.055364,2.408545,8.812819
1.321543,2.586257,9.207343
1.241118,2.584324,8.999824
0.944030,2.370970,9.026207
0.509229,2.315485,9.219598
2.136971,1.543941,9.447176
3.146383,2.463882,10.218001
2.952857,2.852572,11.589687
0.852265,1.539353,11.105824
-0.418676,0.963530,10.449707
-2.912743,3.481029,10.690456
-1.367294,3.540970,10.229473
-0.707735,4.284266,8.209503
-0.629571,4.861629,7.308601
-0.999088,4.536618,6.771089
-1.343727,5.579362,7.114546
-0.397800,4.780286,7.544827
-0.725156,5.362499,9.483094
-0.341823,3.212911,11.693119
1.178914,1.954457,7.755430
2.086500,3.249618,10.126234
1.441886,1.848600,9.669771
0.708882,1.226206,9.359997
1.648324,1.992441,9.207440
1.858235,2.208089,8.865620
1.007314,1.864200,9.308743
1.444147,2.345736,10.059710
1.653600,2.816914,10.718318
1.276677,1.861676,11.997089
-0.175500,0.788029,10.798409
-2.229685,3.332829,10.528885
-0.003441,3.445765,9.565326
-0.441618,4.384059,8.521498
-0.585000,4.800343,6.355886
-1.017441,4.970205,6.197559
-1.641546,5.307546,6.361728
-1.104257,5.592600,6.964285
-0.254647,5.770854,8.557060
-0.797206,6.042707,10.754824
-2.278714,7.040056,7.796658
-2.062412,6.241146,10.845444
-1.641441,4.799294,8.177383
0.462429,1.777285,8.263544
0.195000,2.223000,9.988728
-0.040114,2.678743,8.978914
1.362706,2.220706,9.238411
1.228500,1.800883,8.928704
1.365000,1.767258,8.926542
1.847912,1.764176,8.978030
2.135823,2.201206,9.410469
1.943314,1.747200,9.929401
3.409059,2.494853,10.146887
3.147529,3.230118,10.029885
1.607915,2.044715,11.971884
-0.711176,0.384265,11.534822
-3.609794,3.964236,11.577265
-0.207257,3.613629,9.666428
-0.161735,3.805942,8.046618
-0.693086,4.477200,6.501858
-1.686176,4.779794,6.118412
-1.482000,4.834853,6.327177
-1.652486,5.408743,6.781543
-0.044735,5.759383,8.715355
-0.871765,7.181736,10.515085
-2.721085,6.691287,7.299685
-2.695589,5.585029,10.566706
-2.813735,4.557266,10.378589
1.002857,0.705343,7.645114
-0.593029,1.968353,10.382030
-0.858000,2.302147,9.373764
1.287001,1.585628,9.132686
1.274383,1.623088,9.152382
1.857088,2.112882,9.264792
2.686543,1.714886,9.180600
2.858470,1.994735,9.074384
2.506636,2.165090,9.572726
1.701088,2.556794,10.383175
2.799086,3.347313,10.680431
2.091088,2.539588,11.500410
1.860857,0.392229,10.738372
-2.778177,3.266824,10.193913
-0.950912,4.125970,10.013822
0.238457,3.716142,9.253029
-0.507000,4.155794,6.478588
-0.986471,4.554969,5.882117
-1.640228,4.528459,6.030515
-1.361559,5.462295,6.386824
-0.168618,6.180355,9.249883
-0.634029,7.048972,11.337859
-1.633412,7.148471,6.935117
-1.572618,5.447382,10.628646
-1.304829,3.869915,8.945486
1.001382,2.054383,9.035382
0.303971,2.091088,9.323296
0.963857,2.249743,8.731542
1.298471,1.613912,8.933295
1.415470,2.151883,8.987206
1.777941,2.290676,8.818587
2.336657,2.223000,8.841857
1.613912,2.268882,9.584826
1.596706,1.828412,10.501323
3.072087,3.351772,10.435285
2.553354,2.922706,11.303120
1.146600,0.046800,11.460432
-2.537294,2.481088,10.933764
-1.312236,4.007823,10.668795
0.007800,3.135600,9.193973
-0.204176,3.575382,7.030324
-1.140177,4.148913,6.529060
-1.419600,4.235400,6.528601
-1.331735,4.302617,6.663263
-0.657265,5.465737,8.196883
-0.074657,6.228857,11.532860
-0.630882,7.470794,8.191147
-0.808676,6.252619,6.898411
-3.152314,4.201971,13.262227
0.450794,2.557940,7.400825
0.882375,1.585594,9.483092
-0.349853,2.958264,9.583678
1.408588,2.177118,8.524940
1.422943,1.732714,8.671371
1.511823,1.783677,8.685530
2.019970,2.003912,8.635059
2.055857,2.159486,9.721027
1.433824,2.132382,10.778912
3.395293,3.039705,10.744504
2.362286,2.821372,11.443714
1.238824,-0.011471,11.511882
-2.502882,1.284706,10.711238
-1.184485,3.835371,10.862058
-0.098647,3.086736,9.166145
-0.418676,3.136059,6.952322
-0.899229,3.962401,6.564258
-1.062176,4.046824,6.636883
-1.356970,4.708676,6.607059
-0.441257,6.047227,8.905373
0.108971,6.732090,11.573822
-2.232176,7.744941,8.552473
-1.284771,4.549629,8.634600
-1.235382,2.894030,10.322380
1.758441,1.620794,8.752057
-0.327600,3.018601,9.385629
0.648088,2.502882,8.947060
1.725176,1.589823,8.282912
1.864200,1.993457,8.539886
2.118618,2.423735,8.599502
2.336558,2.219559,9.206294
0.854657,2.148343,10.313831
3.095913,2.422588,10.440530
2.741471,2.827500,10.822500
1.265829,1.010658,12.317318
-1.532471,0.423265,11.112705
-1.705676,3.309265,11.230854
-0.227314,3.060943,9.922714
-0.611382,2.819471,7.708238
-0.989912,3.440030,6.440735
-1.352743,4.330114,6.605486
-1.132147,4.280823,6.343235
-0.971559,5.672206,7.560264
0.075771,5.949173,11.578542
-1.732059,8.451530,9.520590
-1.355824,5.337265,9.627267
-2.132743,3.455400,8.629027
1.626530,1.190647,9.395559
-0.681353,2.473058,9.394413
0.279882,2.599236,8.975735
1.828543,1.800685,8.464115
1.749264,1.897235,8.561645
1.948853,2.328529,8.652267
2.243057,2.049171,8.904258
1.176883,2.227588,10.252415
2.400794,2.116323,10.689443
2.940599,3.464314,10.631402
2.931883,2.052088,11.674767
-1.119529,0.066529,11.488941
-2.344458,2.981829,11.111658
-0.199588,3.395294,9.967942
-0.481765,2.853882,8.218678
-0.700886,3.370715,6.637800
-1.173441,3.997501,6.643764
-1.503795,4.241825,6.545116
-1.244657,5.451087,7.364316
0.099794,5.711206,10.985380
-0.739853,8.042030,10.253561
-1.500943,7.150373,8.787257
-2.094530,3.894265,8.622440
0.669882,1.966059,8.949352
0.726514,1.804029,9.570601
-0.314294,3.341382,8.974587
1.818088,2.376705,8.813998
1.385057,2.119371,8.177741
1.468235,2.450118,8.609825
2.087647,2.071588,8.559354
1.884257,2.537229,9.577287
2.278059,2.165647,10.473797
3.935559,2.736883,11.007176
1.868657,2.480399,11.867142
0.076853,0.002294,11.187262
-2.840118,2.587765,10.996856
-0.613972,3.739544,10.350597
-0.688235,2.905500,8.880529
-0.782294,3.649942,6.870883
-0.980571,4.218686,6.428313
-1.284706,4.090412,6.436146
-1.339765,5.259264,7.016560
0.346543,5.106772,10.629170
-0.785735,8.247353,10.917704
-1.297323,7.081944,7.860797
-2.168400,4.771371,8.727087
0.245471,2.621030,9.368032
0.749030,1.459059,9.241854
-0.901457,2.977371,9.409028
1.361559,2.651999,8.960823
1.872000,1.472824,8.086766
1.327114,2.127171,8.582229
1.896088,2.364089,8.747473
2.210382,2.175971,9.092735
1.450312,2.043844,10.667719
3.314999,2.744912,10.801851
2.234470,2.937617,11.729823
1.122970,0.201882,11.734413
-3.232543,1.508743,10.907744
-1.306500,3.557030,10.822502
-0.310853,2.865353,9.591706
-1.171114,3.257057,7.212771
-1.183765,4.121382,6.633442
-1.168886,4.069373,6.812743
-1.222765,4.139736,6.732088
-0.897000,5.564381,8.222119
0.218400,5.861144,11.445941
-1.936235,7.614175,8.519205
-2.130089,6.128735,7.206972
-2.510486,4.891713,11.575200
-0.412941,3.527206,8.578852
0.819000,0.689382,8.779590
-0.589457,2.268686,10.210202
0.190412,2.608412,8.722238
1.782529,2.010794,8.949352
1.766143,2.134971,8.893114
2.251677,2.225294,8.880531
2.177117,1.939676,9.007853
1.860857,2.092628,9.343286
1.609324,1.900677,9.925499
2.155323,2.477647,10.679119
2.871514,3.259285,10.671515
2.782763,1.658647,11.608238
-0.525353,0.462265,11.082883
-2.789647,3.423971,10.870675
-0.625114,3.035314,10.206861
-0.997941,2.567118,8.391880
-0.878057,4.033714,6.586544
-0.966971,4.590529,6.562325
-1.124118,5.068853,5.838531
-1.129886,5.394259,7.212771
0.066529,5.863765,10.200794
-1.278970,7.348059,9.935824
-1.719343,6.296829,10.041942
-2.541883,4.310648,8.320765
1.254882,2.570558,9.365736
-0.462429,1.184486,9.242997
-0.780000,2.836677,9.247588
0.971559,2.541882,9.072089
1.502057,2.248628,8.715941
1.032353,2.340000,8.952797
1.018588,2.070442,9.025057
1.621286,1.655829,9.060258
2.039470,2.081912,9.612354
1.945412,1.958029,10.643562
2.357829,2.886000,10.639202
2.514352,2.663471,10.663059
1.104617,0.602206,11.837646
-1.258029,1.137686,10.657029
-1.348941,4.299177,10.965883
-0.404912,2.966295,9.903704
-0.479143,3.319457,7.036715
-0.586147,4.355383,6.336353
-1.040382,4.100735,6.774529
-1.278086,4.503942,6.597687
-0.793765,5.387734,8.887412
0.078000,6.366177,11.307706
-1.002857,7.128087,7.667400
-1.133294,5.848855,8.233588
-1.683882,4.626088,11.271001
0.325371,1.152172,7.849029
0.269559,2.140411,9.888795
-0.152559,2.964000,9.451767
1.541057,2.301001,8.752712
1.938529,2.089941,8.505442
2.065853,2.328529,8.616709
2.305457,2.185114,8.849655
2.185147,2.111735,9.616940
1.487736,2.351470,10.320089
2.805772,2.853686,10.657030
2.227588,2.921559,11.067968
1.445294,0.302824,11.273293
-2.438058,1.812943,11.160686
-1.425794,3.980295,10.762855
-0.603353,3.146383,9.224648
-0.767743,3.253714,7.051200
-1.067912,4.247559,6.566912
-1.307647,4.309500,6.660972
-1.314857,4.789200,6.693516
-0.462265,5.778883,9.009001
-0.468000,6.663266,11.462560
-1.093114,7.432287,8.318145
-1.368441,5.462293,8.259972
-1.402853,3.378088,10.099854
1.151057,1.950000,9.012343
-0.914206,2.880265,9.555001
0.494382,2.686412,8.813998
1.751657,1.443000,8.371630
1.269794,1.857088,8.684382
1.584514,2.265343,8.890884
2.078470,2.077323,9.077824
1.056441,2.528118,10.304031
2.884885,2.181772,10.623600
2.142706,3.109677,11.100088
2.311400,0.950300,11.815699
-1.233088,0.392294,10.988824
-2.563971,3.435343,10.825288
-0.477176,3.548999,9.797031
-0.992206,2.967441,7.952558
-0.983914,3.622543,6.816084
-1.332883,3.861000,7.013119
-1.377617,4.037648,7.296443
-1.133229,5.241601,7.573799
-0.282177,5.909648,9.039970
-0.299382,6.221647,10.041352
-1.360543,7.059000,7.708629
-1.839883,5.331529,10.402678
-1.650258,3.555687,9.510427
1.176883,1.499205,8.600649
-0.060794,2.632500,9.667412
0.472457,2.890457,8.744914
1.539353,2.029147,8.725675
1.140176,1.927059,8.784178
1.348286,2.368971,8.860799
2.286088,2.235618,9.113383
1.769911,2.242500,9.675439
1.880914,1.848600,10.272599
2.508618,2.905500,10.644707
1.843323,2.281500,11.383415
0.969428,0.324257,11.030316
-2.809148,2.109441,10.799562
-1.776794,3.584558,10.728443
-1.142143,3.551228,9.290915
-0.883235,3.763501,6.961501
-0.882088,4.797001,6.329470
-1.109829,4.614257,6.478457
-1.641441,5.131941,6.672442
-0.744441,5.328087,9.584821
0.042343,6.324684,10.526658
-1.339765,6.991323,8.050057
-2.524677,5.663030,9.853236
-1.856400,4.522886,9.360001
0.814412,0.565500,8.600648
-0.810971,2.028000,9.670854
-0.580412,2.545324,9.618089
1.338257,1.909886,9.072516
1.072500,1.670117,9.183354
1.142470,1.787118,9.323296
1.942200,1.563343,9.207346
2.352618,1.693059,9.527472
2.137200,1.564457,9.797917
1.921323,1.859382,10.306322
2.567118,2.942206,10.159502
1.905429,2.693229,10.333882
1.719441,1.062176,11.485498
-0.702000,0.672176,10.562115
-2.916085,3.552343,10.367316
-0.589588,3.460678,9.594002
-0.760500,3.561617,7.773619
-0.912600,4.598657,7.108028
-0.814412,4.762588,6.829587
-0.827029,4.563000,6.529060
-1.097571,5.104543,7.430056
-0.080294,5.642382,9.459795
-0.775412,6.908735,9.230384
-1.535486,6.789343,10.375112
-2.827500,4.591678,8.747472
-0.238588,3.500823,8.950500
0.591686,1.005086,9.072515
-0.417529,2.294117,9.782116
-0.153706,2.610705,9.516003
1.026257,1.761685,9.325459
1.320265,1.901824,8.934441
1.838735,2.186294,8.992944
2.153914,2.234142,9.071399
2.126647,2.265441,9.300351
1.543941,1.656353,10.152618
2.373429,2.402400,10.392941
2.600382,3.227823,10.750235
2.220706,1.670118,11.482062
-0.299743,0.401143,10.536690
-3.017911,3.386118,10.371705
-0.810970,3.421677,9.763762
-0.654086,3.769629,8.431800
-0.644647,4.370296,7.211559
-1.179177,4.686882,6.813530
-1.444114,4.786971,6.959827
-1.210147,4.838295,7.108324
-0.346412,5.978470,8.052351
-0.548228,5.573657,10.171202
-1.491177,6.720619,9.198265
-1.740088,6.235413,9.158118
-2.235258,5.415429,8.682514
-0.083735,3.485912,8.479059
0.243176,2.005059,9.228088
0.656314,2.134971,9.324341
0.643500,3.126883,9.310678
1.229647,2.553353,9.096176
1.320429,2.490428,8.820684
1.381059,2.672647,9.011293
1.463647,2.735736,9.007853
1.850828,2.438057,9.119315
0.987618,1.837588,9.727058
2.271176,2.177118,10.566704
2.586187,3.057844,10.014467
2.910088,2.015383,11.142529
-0.024514,0.646286,11.467112
-2.551059,2.649706,10.765148
-0.493235,3.953912,9.875031
-0.361029,3.698314,9.136032
-0.710029,4.038795,7.206970
-0.622853,4.233793,6.899558
-0.990600,4.536259,7.275172
-1.140177,4.552676,7.320531
-0.644647,4.776351,7.666943
-0.037886,5.139085,9.548316
-0.462265,6.530205,10.197351
-0.450794,6.669001,7.793119
-2.537229,5.336313,9.804600
-1.564588,4.503353,9.153526
1.597853,2.297559,8.684383
0.500314,3.277115,9.099260
0.555176,3.355146,8.800235
0.929118,2.725412,8.560500
1.069714,2.929457,8.816228
1.716000,2.984647,8.745175
1.797441,2.575148,8.552471
0.635143,1.755000,9.375601
2.392764,1.665530,9.658237
2.407676,3.152117,11.004883
2.640857,2.327743,11.744574
-0.123882,0.755912,11.363911
-2.489118,1.818088,10.427915
-1.402886,4.102800,10.238056
-1.094294,3.705000,9.228086
-1.063323,4.302617,7.272354
-1.095343,4.539601,6.822771
-1.452176,4.221177,6.980999
-0.985323,4.411588,7.432941
-0.851314,5.133514,7.795543
0.087455,5.848819,9.104728
-0.450171,6.388200,9.734396
-1.030059,6.406324,7.624500
-2.445529,6.437294,9.333617
-1.986771,6.026057,9.282001
-0.453088,4.025030,8.012206
1.062177,2.077324,9.527472
0.003343,2.692115,9.108170
0.017206,3.527205,9.267087
0.812118,2.396206,8.914939
1.268057,2.046942,8.637942
1.428088,2.422588,8.836939
1.939676,2.143852,9.003265
1.617943,2.347800,8.976686
1.256030,2.123205,9.330177
1.681588,1.922471,10.260442
2.697686,3.072086,10.599085
2.882559,3.000707,11.202179
1.332882,1.362706,11.276736
-2.434715,1.326000,10.743942
-2.790793,4.006677,11.150561
-0.588441,3.003000,9.404734
-0.429000,3.465429,7.232829
-1.192941,4.434529,6.866293
-1.650618,5.031001,6.736677
-1.134343,5.119028,6.708002
-0.862588,5.159472,7.088825
-0.240882,5.005765,9.746562
-1.216800,8.031772,9.552772
-2.406529,7.057852,9.803911
-2.532706,5.889002,9.047999
-0.364371,3.198001,7.632859
0.882088,2.301000,9.868148
-0.866914,2.949515,9.226285
0.728382,2.962853,9.034236
1.636853,2.306735,8.694710
1.652485,2.312143,8.719284
1.487735,2.341147,8.682086
1.931647,2.192030,8.874795
1.535486,2.367857,9.111516
1.746970,1.753853,9.573355
2.514353,2.614147,10.379736
2.805771,3.115543,11.402486
1.826118,1.853647,12.225355
-0.320029,0.465706,10.691735
-2.356715,3.506657,9.734400
-0.519618,3.635029,9.930092
-0.683647,3.795618,8.815145
-0.963857,4.209771,6.998829
-0.936000,4.108765,6.909883
-1.504941,4.495323,6.857118
-1.496486,4.800344,7.336457
-0.531088,5.517353,8.382706
-0.104382,5.773149,9.553856
-1.368343,6.885172,8.924314
-1.652911,6.819266,6.913324
-1.788429,5.691771,11.447058
-1.325999,4.209707,8.012204
0.815559,2.170235,8.746324
0.554914,2.176200,9.956145
0.095206,3.247323,8.862176
1.348941,2.444382,9.015882
1.279200,2.082600,8.440712
1.691911,2.766706,8.785322
2.077065,2.433097,8.859290
1.620794,2.588912,9.115679
1.207886,1.786200,9.809055
2.759824,2.990381,10.728440
2.543030,3.156706,11.561207
2.377886,1.217914,11.735660
-1.943118,0.782294,10.423326
-2.440941,3.584559,10.167533
0.344314,3.514458,9.527142
-0.714618,3.456089,8.336824
-1.322559,4.308353,7.100293
-1.193400,4.083857,6.930856
-1.257177,4.365705,7.630236
-1.365000,4.470089,7.738060
-0.949371,5.432143,8.541000
-0.408353,5.693998,9.571058
-0.161735,6.405175,9.073233
-0.138171,6.553113,6.528601
-1.516411,6.453353,10.642415
-1.771059,5.220264,8.820885
-0.159343,3.510001,8.702571
1.000235,1.728617,9.048000
0.907323,3.125735,9.222354
0.761057,2.935029,8.686972
0.784588,2.499441,8.934440
0.985324,2.686412,8.910354
1.454143,2.712172,9.034633
1.375324,2.521235,8.947060
1.228500,2.026853,9.066354
0.864686,1.902086,10.021886
3.001853,2.206942,10.539178
2.601529,3.227824,11.133354
2.460342,1.581171,11.244258
-1.633412,0.887824,10.750237
-2.863059,3.318442,10.010381
-0.308657,3.892200,9.605141
-0.511588,3.404471,8.418266
-0.931412,4.280824,7.240236
-0.943800,4.169658,7.610570
-1.165412,4.156941,8.013353
-1.180324,4.318677,8.051208
-0.708686,4.473855,8.211172
-0.516177,5.378559,8.769263
0.474882,5.742177,9.641031
-0.240686,6.564257,7.679658
-1.483147,6.858265,8.957383
-1.862824,5.568970,9.513709
-1.147714,4.536257,8.632372
1.250294,1.815794,8.727970
-0.122735,2.688706,9.431119
-0.112543,3.252600,9.200659
1.145912,2.131236,9.065208
1.418912,2.030294,8.896590
1.487572,2.482629,9.000087
1.795147,2.296411,9.057178
1.459059,2.162206,9.105354
1.285886,1.788429,9.790114
1.683882,1.882324,10.048236
2.450118,2.647412,10.260441
2.356714,2.473715,11.526169
1.142471,1.453324,11.065680
-0.862588,1.504941,10.502469
-1.636886,3.648172,10.158940
-0.985324,3.484765,10.034474
-1.422352,4.088118,8.073000
-0.758828,4.776941,7.204972
-0.997941,4.667381,6.296207
-1.322657,4.876114,6.234428
-1.087412,5.481793,6.828442
-0.019500,5.964707,9.183352
-1.174457,6.420513,10.069799
-1.740088,7.025735,7.214998
-1.790559,5.164060,10.227177
-0.895886,4.695600,9.785656
0.744441,2.001618,7.898646
0.410647,2.194323,10.148032
-0.284143,2.972914,9.138258
0.975000,2.383588,9.217766
1.330588,2.157618,8.952794
1.340486,2.361172,9.245228
1.374176,2.360648,9.272825
1.651765,2.317059,9.234974
1.732714,2.287628,9.133801
1.716000,1.937382,9.686912
1.530176,2.446676,9.661678
2.118256,3.206915,9.791230
2.702471,2.936471,10.532295
1.796294,1.585235,11.792913
-0.597257,0.719829,10.309376
-2.894029,3.669442,10.696325
-0.863735,3.253059,10.164089
-0.763286,3.273772,8.627914
-1.050706,4.341618,7.352647
-1.581794,4.238383,7.060146
-1.310400,4.853827,6.812743
-0.693971,4.701794,7.560265
-0.507000,5.404941,8.214089
-0.201686,5.784258,9.851399
0.045882,6.974118,8.882823
-0.551571,6.583200,6.196545
-1.373531,6.094971,10.149749
-1.621941,5.232884,9.217765
0.897000,3.315000,8.561057
0.741000,2.374412,9.902559
-0.756600,2.808000,9.181713
0.796059,2.538442,9.106502
1.522148,2.041765,9.139766
1.253735,2.388177,9.208590
1.210114,2.029114,9.484797
1.399412,2.169088,9.354267
1.398265,2.172529,9.191386
1.732714,1.866428,9.274199
1.516412,2.052088,9.729354
1.524441,2.442088,9.904857
2.304343,3.056485,9.987345
2.775882,2.643971,10.557532
2.588911,1.601295,11.709177
-0.250714,0.936000,9.766714
-2.639382,3.738265,9.970235
-0.040114,3.478800,10.028569
-0.465706,3.846089,8.575414
-0.890118,4.658205,7.715118
-1.287000,4.197515,7.464602
-1.110353,4.470089,7.130117
-0.948618,4.476971,7.440973
-0.538200,5.491200,7.652913
0.262676,5.269588,9.323296
-0.940588,6.830737,8.976883
-1.518772,6.511887,8.451858
-2.802265,5.168647,10.277646
-1.044971,4.817647,9.020470
1.259143,1.450800,8.665799
-0.197294,2.801117,9.787855
-0.427853,2.928441,9.360002
1.103471,1.969500,9.277412
1.517559,1.784823,9.167294
1.350514,2.360056,9.216254
1.373029,2.290677,9.385239
1.593265,2.231029,9.051441
1.451914,1.841914,9.478114
1.191794,1.863971,9.657087
1.652912,2.458147,9.831444
1.792886,2.676515,10.069801
1.916736,2.237912,11.246910
2.405382,2.435206,10.231766
-0.020057,2.433601,9.985119
-2.296412,3.308118,10.126235
-0.315441,3.590294,9.730499
-0.378857,4.581944,9.296483
0.084882,4.936942,7.279236
-0.931543,5.214857,6.723600
-1.143618,5.453117,6.370765
-1.425794,5.546030,6.555440
-0.819000,5.413200,8.243490
-1.367294,6.035824,9.730500
-1.992441,6.811235,8.321912
-2.407972,5.878973,8.878628
-2.153029,5.511620,10.841998
0.136500,2.681824,7.500618
-0.164914,1.836342,9.793460
0.071118,2.244794,9.518295
1.103471,2.045206,8.951649
0.945177,2.047500,9.255621
1.194514,2.413543,9.197317
2.175970,2.451265,9.121414
2.055529,2.367529,9.106499
1.538829,2.178429,8.927657
1.452177,2.278059,9.321000
1.908706,2.251676,10.071176
3.073200,2.617458,10.870974
2.606117,2.599235,12.168001
0.463543,1.022914,11.151771
-1.980971,1.693059,10.353354
-1.360412,3.529500,10.131972
-0.923743,3.161228,9.786771
-0.469147,4.230352,7.476531
-0.356735,4.509087,7.305617
-0.855771,4.653257,6.305744
-1.041530,4.883030,5.986500
-0.555177,6.030087,7.231058
0.369943,5.400943,10.328314
-1.922471,7.385911,9.041117
-1.438411,6.360441,9.557291
-2.260886,4.897285,9.395656
0.324618,2.929590,8.479059
1.358118,1.997030,9.444882
0.085800,3.264858,9.063600
1.094294,2.762117,8.887413
1.225059,2.310177,8.816295
1.529914,2.507143,8.943258
1.771059,2.388177,8.795647
1.696500,2.383588,8.832352
1.256914,2.425800,9.257483
2.106000,1.796294,9.830297
2.851589,2.719676,10.556382
2.714400,2.803543,11.771312
1.504941,0.976147,11.724087
-0.705441,0.653823,9.996615
-2.299886,3.679371,10.316057
-0.468000,3.623558,9.872734
-0.640355,4.131484,7.801260
-0.654971,4.259029,6.891529
-0.907029,4.043743,6.738084
-1.375323,4.590530,6.826147
-1.118382,5.049352,7.522410
-0.442371,5.487857,9.661973
-0.735265,6.390265,10.698619
-1.245706,7.247118,7.323971
-1.463057,5.154686,9.583971
-1.535912,3.920646,9.676587
1.967206,1.986706,8.571970
-0.215057,2.869287,9.509315
0.067677,2.735735,9.052589
1.623088,1.799735,8.850704
1.524343,1.748314,8.857457
1.646029,1.961471,8.844969
2.050941,1.876588,9.324440
1.613486,2.292086,10.157826
1.766471,1.940823,10.192765
2.466177,2.990382,10.259292
2.198486,2.552829,11.669911
1.257176,0.203029,11.777997
-1.913294,1.782529,10.399238
-1.029600,4.126200,10.524429
-0.354441,3.009882,9.237266
-0.807529,3.220941,7.100293
-0.952714,4.160743,6.429429
-1.281265,4.338177,6.542823
-1.319118,4.915148,6.640324
-0.525943,5.905715,8.620113
-0.165176,6.135618,11.303116
-1.288115,7.366543,7.969372
-1.209000,5.352177,9.253324
-1.711411,4.050265,10.402678
1.329343,1.810714,8.171057
0.242030,2.686412,9.574501
-0.035559,3.032824,8.866763
1.621286,2.156143,8.686974
1.651765,2.200059,8.544441
1.951147,2.522383,8.577707
2.032457,2.467028,8.724858
1.329441,2.276911,9.814235
2.450117,2.030294,10.367119
3.198000,3.049799,10.716088
2.120911,2.244793,11.993646
-0.238588,0.323471,10.938354
-2.689886,3.042000,10.747289
-0.628588,3.864440,10.234060
-0.576971,3.465264,8.374676
-0.769971,4.012543,6.634456
-0.831618,4.314089,6.630001
-1.243412,4.351941,6.553149
-1.490915,5.217086,7.191601
0.036706,5.363647,10.034470
-0.526500,7.202382,10.750237
-1.378371,7.414456,8.052943
-2.164500,4.549235,8.554768
-0.466853,3.633883,9.965646
1.766143,1.470857,8.698115
-0.455382,3.043147,9.396706
0.386559,2.541883,9.028499
1.391382,1.588676,8.483648
1.630200,1.877571,8.881971
1.620795,2.274618,8.771561
1.983265,2.017677,9.152382
1.258029,2.340000,10.204626
2.395058,2.321647,10.328117
2.637088,2.769000,10.940648
1.966715,1.831886,11.999743
-0.963529,0.361324,10.707792
-2.328529,3.546706,10.658467
0.275229,3.922286,9.639687
-0.766235,3.206029,8.093650
-1.161971,3.784147,6.864001
-1.193400,4.359086,7.060112
-1.195235,4.403558,6.920208
-0.548294,4.910560,7.329705
0.186086,5.959198,9.063599
-0.712324,6.694235,10.359086
-1.242265,7.397384,9.487324
-1.791771,4.304486,8.318143
-0.453088,2.671500,9.637588
1.400559,1.839882,9.413915
-0.796714,3.717257,9.200658
1.338618,2.380148,8.769261
1.493471,2.041765,8.324207
1.484229,2.855915,8.636826
2.127794,2.711647,8.448089
1.758441,1.995883,9.143207
1.692600,1.763914,10.055313
3.265676,2.758677,11.089766
2.415705,2.537294,12.638294
0.220628,0.280800,11.406947
-3.024795,2.349176,10.440530
-0.972706,3.708441,10.078057
-0.674143,3.126686,9.004542
-1.010559,3.776118,6.994766
-1.300764,4.208560,6.855970
-1.432971,4.188601,6.858428
-1.225059,4.924323,6.906441
-0.446727,5.746000,8.979456
0.293647,6.465972,10.823647
-1.307647,7.491442,7.711677
-1.544400,6.034973,9.219602
-1.941971,3.724500,10.247826
0.785735,1.440706,8.144117
0.106971,2.478171,9.804600
0.117000,2.918118,8.972294
1.633411,2.126647,8.819734
1.685914,2.140542,8.612314
1.967206,2.458147,8.761234
2.227589,2.428324,8.912649
1.486457,2.092629,9.609600
1.712559,2.034883,10.370558
2.459295,3.095911,10.388913
2.600744,2.748942,10.951200
1.431529,0.297088,11.741298
-2.292971,1.478559,10.729587
-1.987886,4.056000,10.650345
-0.357882,3.075265,9.290029
-0.579264,3.512296,7.452442
-0.911486,3.989143,6.964287
-1.643735,3.972265,6.992472
-1.402853,4.247558,6.983295
-0.894771,5.521286,8.182200
0.505853,6.495793,10.354500
-0.927971,7.400824,8.621294
-1.514314,6.284572,9.072515
-3.764648,4.301471,9.448325
0.411794,3.060353,8.898882
0.790029,1.120971,9.282002
-1.094294,3.103941,9.591706
0.786882,2.423736,9.050293
1.497600,1.659172,8.811769
1.529029,2.264294,8.778440
1.945412,2.140412,8.970002
2.165058,2.055857,9.265286
1.506088,1.787117,10.002353
2.046353,1.946559,10.209970
2.302147,2.904352,10.579323
1.948886,2.192915,11.119456
0.914206,0.526500,10.851176
-2.203500,2.606118,10.874115
-1.575600,3.928971,10.166742
-0.363618,3.636177,8.715352
-0.469147,4.279676,7.056707
-1.243543,4.710085,6.655630
-1.391383,4.537764,6.796323
-1.409735,4.956440,6.933970
-0.315343,5.610429,8.416202
0.028677,6.509559,10.166384
-1.525457,7.462370,8.358257
-1.714853,5.449676,10.162942
-2.344588,3.971117,9.010147
0.750176,1.884618,9.054881
0.192771,2.014629,9.757799
-0.521912,2.747206,9.076677
1.326000,2.165646,9.138618
1.593428,2.028000,8.861913
1.794000,2.397353,8.817438
2.122059,2.172529,8.903472
1.830772,2.289857,9.021260
1.674705,1.709117,10.165237
2.459294,2.498294,10.395793
2.781257,3.288258,10.258116
2.110589,2.237912,11.502707
0.103235,0.063088,10.947533
-3.211373,3.736200,10.685998
-0.508147,3.901148,10.025295
-0.488647,3.418235,8.580000
-0.598372,4.049314,6.740314
-1.041530,4.575618,6.482030
-1.223912,4.127118,6.765352
-1.469743,5.234916,7.221686
0.497823,5.495558,9.680029
-0.571235,7.024587,10.710090
-1.112057,6.562029,6.548657
-1.776794,5.661881,9.623820
-1.917882,4.468941,10.922294
0.510343,1.577828,7.968258
0.248912,2.338853,9.777530
-0.330353,2.925000,9.209738
1.506514,2.171743,8.634600
1.498059,1.964912,8.584587
1.834147,2.750647,8.765821
2.389029,2.335543,8.670257
1.757293,2.264293,9.366884
1.151647,2.050941,10.396940
2.650854,2.763265,10.785793
2.540571,3.095486,11.878286
1.655206,0.814412,11.104676
-2.256265,1.732059,10.782355
-1.430743,3.949028,10.521086
-0.260382,2.938765,8.809410
-0.246618,3.761206,7.023442
-1.032943,4.716773,6.651172
-1.461353,4.693766,6.899559
-1.331571,5.000914,6.687942
-0.402618,5.064265,8.208355
-0.493235,6.320294,10.965878
-1.462500,7.502625,8.120530
-1.160823,5.970441,9.842913
-1.733206,5.012647,8.733706
0.996171,2.040257,8.867484
0.063088,2.236765,9.191384
-0.229412,3.223234,8.967705
1.603457,2.337770,8.747143
1.261765,2.095676,8.305855
1.685029,2.484529,8.801381
1.955571,2.020200,8.864143
1.470529,2.028000,9.532060
1.738941,2.079617,10.478381
2.780142,3.078771,10.796313
2.516647,2.626764,11.934001
0.948618,0.439324,11.393734
-2.820257,1.483114,10.330543
-1.206706,3.940146,10.383172
-0.447353,3.472147,9.714441
-0.793371,3.408600,7.650686
-1.031206,3.929823,6.805500
-1.229647,4.051411,6.469413
-1.371686,4.645457,6.752572
-0.749029,5.466883,8.578854
-0.285618,5.689412,10.837412
-0.726514,7.268488,8.529859
-1.378764,6.414351,9.058323
-2.988089,4.819941,9.311824
0.338743,2.687658,8.841858
1.022029,1.694206,9.405880
-0.646941,3.309264,9.378353
0.981686,2.803543,8.971114
1.601294,2.073882,8.652263
1.441853,2.421442,8.799088
1.789543,2.482628,8.803969
1.919029,2.214971,9.101912
1.020882,1.896088,9.491913
1.873114,1.751657,10.320514
2.547618,2.757529,10.645851
2.515501,2.653148,11.335238
0.206143,0.860229,11.305542
-2.568265,1.978677,10.774325
-1.970647,3.703852,10.275352
-0.496971,3.235886,8.963314
-0.710029,3.975706,7.162236
-1.597853,4.607736,6.975266
-2.210742,4.560771,7.108028
-1.806617,4.782088,7.047530
-0.688235,5.533412,8.090205
0.736543,6.495172,9.458056
-1.948853,6.834178,8.745176
-2.864207,5.378559,10.382030
-2.896028,4.905085,9.027944
0.905029,2.448970,8.600648
0.759353,1.756147,9.733940
-0.922629,3.073199,9.450258
0.297088,2.725412,9.286590
1.264059,1.681588,9.078971
1.237972,2.323286,9.090344
1.407441,2.301000,8.959676
2.187441,2.124353,8.914941
2.155028,2.132743,9.036854
1.878883,1.634559,9.850941
2.401942,2.299853,10.579323
2.412429,3.152315,10.574573
1.710265,1.815794,11.295088
-0.137647,0.652676,10.877560
-2.382343,2.588486,10.426373
-1.397118,3.176207,9.897969
-0.643500,3.532941,9.002120
-0.762171,4.141800,7.650687
-1.356970,4.606589,7.060145
-1.314529,4.482706,6.827295
-1.167772,4.503943,6.810514
-0.824736,5.603382,8.211795
0.767382,5.868355,10.154913
-0.649629,7.269602,8.846316
-1.744677,6.168882,6.875470
-3.078706,5.794942,9.557293
-1.203429,4.973058,10.498801
0.620559,1.072500,8.228999
-0.283324,2.145000,9.816529
0.056829,2.499342,9.378942
1.288147,2.083059,8.973440
1.631118,2.045206,9.193676
1.818514,2.227457,9.198431
1.884618,1.800882,9.207444
1.904117,1.901823,9.242997
2.111572,2.158371,9.559453
1.535912,2.079618,10.205381
2.213824,2.926147,10.331555
2.568429,2.909400,10.457573
2.395060,1.659795,12.021175
0.076853,0.253500,10.313203
-2.779029,2.928343,10.272602
0.026382,3.097059,9.978265
-0.596471,3.292058,8.682090
-0.777771,4.302258,7.084628
-1.332883,4.417324,7.070471
-1.461353,4.494175,6.703411
-1.439657,4.698943,6.451715
-0.734276,6.214449,8.640517
-0.620559,6.054176,11.529086
-1.002529,7.178294,7.670383
-1.069059,5.851147,9.841763
-2.352257,4.056002,9.576174
0.885529,2.404236,8.947060
0.342971,2.346883,9.360003
0.227314,3.140058,9.050228
1.433824,2.507471,8.703881
1.612765,2.387030,8.530677
1.757228,2.735571,8.916514
1.737794,2.432912,8.912649
1.379912,2.221853,8.921823
0.793372,2.169514,9.667545
2.590059,2.045206,10.302879
3.006441,3.297794,10.404968
2.940600,2.536114,11.386884
0.439323,0.261529,11.383410
-2.874530,1.784824,10.712382
-1.011706,3.398734,10.456591
-0.340971,3.056485,9.353315
-1.027765,3.172765,7.571734
-1.148206,3.657970,7.426058
-1.156628,3.932314,7.328660
-1.237676,4.394383,7.225323
-0.695314,5.058858,7.876886
-0.391147,5.679088,9.993181
-0.399177,7.209265,9.817677
-0.411171,6.250030,6.105172
-1.347794,6.132176,11.299676
-1.969500,3.532942,9.282000
1.106485,2.636400,8.673599
0.423265,2.154176,9.620384
-0.003441,3.382676,8.801381
1.276972,2.457000,8.747142
1.134441,2.192030,8.579999
1.681588,2.625618,8.937882
1.927714,2.270914,8.782800
1.712559,2.182853,9.146649
1.143618,2.120912,10.269620
2.587372,2.483743,10.485425
2.637088,3.059206,10.987676
2.178264,1.228500,11.903030
-1.474200,0.708686,11.069314
-1.829559,3.094766,10.376297
-0.127324,2.646265,10.075766
-1.244657,3.436457,8.452972
-0.766235,3.978001,7.231059
-1.161970,4.018147,6.830736
-1.270286,4.563001,6.743658
-0.972706,4.691472,7.140440
-0.153706,5.738735,9.019323
-0.649629,6.947573,10.557857
-1.402853,6.675880,7.218441
-1.492323,5.079176,9.823413
-1.779515,4.225371,9.975086
1.206706,2.015383,8.588029
-0.010323,2.516647,9.783266
-0.368829,2.787943,9.146057
1.282412,1.761883,8.706179
1.359264,1.585235,8.816294
1.397314,2.356714,9.050231
1.841029,2.206941,9.065207
1.742382,2.282648,9.112235
1.592314,2.152800,10.061998
2.327383,2.282647,10.449704
2.766706,3.050030,10.184736
1.955572,2.129400,11.761284
0.012618,0.112412,11.524504
-2.867647,2.816030,10.800710
-0.895886,3.205800,9.868114
-0.485206,3.170471,8.740591
-0.808677,4.317530,7.077354
-1.262486,4.785857,6.615514
-1.281265,4.575618,6.503823
-1.299618,5.317764,6.906441
0.298629,5.647200,8.943254
-0.380824,6.576087,10.552942
-1.611618,6.907588,7.127823
-2.043600,5.755285,9.731057
-1.999323,4.730471,10.226031
0.143743,1.762800,8.292515
0.741000,1.410882,9.606618
-0.533382,2.641676,9.317560
1.207886,2.362285,9.004542
1.376470,2.326235,8.903467
1.568029,2.774736,8.816292
2.053628,2.481514,8.707027
2.042912,2.337706,8.903470
1.469382,2.078470,9.458648
2.385685,2.021315,10.629173
2.912383,3.023647,11.002588
2.658883,2.184000,12.325150
-0.170486,0.391114,11.226429
-2.715088,2.465029,10.262733
-0.685941,3.041999,10.211117
-0.833486,3.252600,8.656889
-0.667588,3.776117,6.748148
-0.952059,4.526292,6.704556
-1.443000,4.822629,6.642258
-1.278194,4.993257,6.741969
-0.521912,5.451972,9.139767
-0.578118,6.095470,11.437325
-1.961143,7.397743,7.350944
-1.322559,5.495559,9.124851
-1.745824,4.339324,10.569003
1.003972,1.606800,8.194456
-0.081441,2.195471,9.524029
-0.044735,2.573999,8.933295
1.464172,2.007943,8.841856
1.709117,1.979823,8.758939
1.538206,2.109442,8.887411
1.923617,1.855941,9.088147
1.785086,2.392372,9.714346
1.847911,2.297559,10.429059
2.887146,2.649706,10.351055
2.228571,2.527200,11.828144
1.660941,0.217941,11.880089
-2.595794,1.295030,10.507057
-0.759943,3.856543,10.018543
-0.020647,3.309264,9.257912
-0.964677,3.261088,7.259735
-1.279200,3.736200,6.792686
-1.304206,3.944736,7.294147
-1.479706,4.713264,6.971822
-0.715371,5.649430,7.431172
-0.183529,5.404941,10.593088
-0.921514,7.177115,9.299830
-0.692824,6.532497,9.260206
-2.240207,4.081237,9.115678
0.687514,2.757857,8.883086
0.856853,1.884618,9.405885
-0.339530,3.520325,9.218912
1.432971,2.323286,8.688085
1.237676,2.017676,8.524942
1.502647,2.186294,8.953943
1.765028,2.321057,8.732656
1.582941,2.414559,9.310678
1.262912,2.219558,10.442821
3.215828,2.857028,10.273714
2.778176,2.844706,11.112703
1.728618,0.776559,11.791767
-2.198486,1.063028,10.839771
-1.950000,4.158089,10.852324
-0.908471,3.601765,9.723619
-1.173343,3.372943,7.668515
-0.861441,3.778411,6.870882
-1.312235,4.139736,6.958057
-1.168885,4.507284,6.546428
-0.697412,5.611412,7.319381
0.322029,5.871172,10.407433
-1.126412,7.250559,9.468969
-1.538206,7.000499,8.169353
-2.318829,4.366886,9.878141
0.308559,2.679530,8.576560
0.641206,1.659794,9.759176
-0.873600,3.086571,9.442458
1.157382,2.395059,8.765825
1.603588,2.031442,8.746322
1.575600,2.290971,8.927658
1.891500,2.358353,8.882823
2.089941,2.233324,9.054883
1.783971,2.199600,9.382285
1.554265,1.743529,10.215706
2.228735,2.765558,10.382028
2.753400,3.063172,10.675969
1.659794,1.346647,11.763091
-1.288147,0.465706,10.435941
-2.678743,3.780772,10.829740
-0.381971,3.419382,10.293706
-0.449647,3.456088,8.050057
-0.582771,4.482771,6.666773
-1.537059,4.518265,6.628852
-1.425171,4.345714,6.968744
-1.626530,5.266147,7.119793
0.322324,5.385441,8.729115
-0.519257,6.061714,10.114373
-1.205559,7.119793,7.366411
-1.796294,6.493499,9.884207
-2.036915,5.133515,10.056426
0.392294,2.372118,7.616469
0.801794,1.514117,9.758030
-0.481371,2.324400,9.527144
0.690529,2.393911,9.156972
1.351235,1.777941,9.377210
1.375028,2.082600,9.092574
1.681588,2.193177,9.107649
1.855941,1.978676,9.081266
1.826314,2.294314,9.260826
1.666677,1.709118,9.864708
1.994735,2.172529,10.262733
2.474828,3.101056,10.228027
2.080764,2.183999,11.959236
0.886676,0.169765,11.633469
-2.377886,2.430258,10.264799
-1.436118,3.187675,10.005794
-0.260382,3.188824,9.324442
-0.473571,4.322314,7.434515
-0.986471,4.802735,6.860559
-1.143257,4.727915,6.626657
-0.987187,4.944469,6.510562
-0.385412,5.360206,7.570589
-0.078000,5.782029,9.146062
-0.710029,6.699970,9.528618
-1.211295,6.443032,6.741265
-2.112686,5.448856,10.457575
-2.509764,5.708910,10.926886
0.783343,2.645314,7.387713
0.859147,1.691912,9.548120
-0.950912,2.833236,9.753443
-0.131912,2.694441,8.785325
0.793371,1.879799,9.335485
0.932559,2.206941,9.070942
0.980735,2.591206,9.150091
1.896514,2.448086,9.053574
1.922471,2.171382,9.220057
1.111500,1.562294,9.676591
2.664257,2.122714,10.381801
2.520088,2.967441,11.154002
1.382206,1.687324,12.059031
0.071314,0.923743,10.579026
-3.331060,3.584559,10.409560
-1.308794,3.691236,9.487321
-0.540429,4.087199,8.434029
-0.547182,4.635091,6.797819
-1.819628,4.897287,6.511886
-1.998177,5.000030,6.794029
-1.658647,4.862381,6.955765
-0.371057,5.134630,8.193345
-0.541412,5.942913,10.684850
-2.315912,6.827295,7.918148
-2.275372,5.617114,8.693658
-2.778177,5.107853,9.838326
-0.649235,4.501058,8.955087
0.110314,1.022914,9.232970
-0.119294,1.900676,10.114765
-0.011471,2.167940,9.343943
1.821857,2.240829,9.615171
1.859383,2.143853,9.134028
1.998177,2.306735,9.249883
2.164500,2.201206,9.013589
2.188457,2.324399,9.033514
1.951147,2.284940,8.905766
1.916736,1.923618,9.426530
1.046314,2.293200,9.976198
1.992441,2.860765,10.009237
2.962852,2.931883,11.174646
2.966229,1.162199,12.412029
-1.373029,0.648088,10.361384
-1.966059,3.387265,10.023003
0.299743,3.570173,10.098770
-0.711177,3.512294,8.230148
-0.666441,4.054852,7.047528
-1.411800,3.835371,7.114714
-1.631118,4.573324,6.987882
-1.285853,4.566441,7.194353
-0.453514,5.836628,8.296973
-0.245471,5.798381,10.091828
-1.089706,7.211560,8.045470
-1.408457,6.507429,9.762259
-2.032588,5.119323,9.818824
0.372794,3.038559,7.727735
1.293686,1.672543,9.757803
-0.971559,3.453794,9.081264
0.984176,2.836676,8.864470
1.538828,1.999029,8.664685
1.229647,2.267735,8.873649
1.590971,2.431765,9.027355
2.039143,2.319942,8.933227
1.283559,2.212677,9.271676
1.384500,1.679294,10.297147
2.464800,2.889343,10.495459
2.570559,3.035117,11.174647
2.159912,1.218177,12.013145
-0.493629,0.189429,10.213541
-2.700176,3.873618,10.371707
-0.286765,3.727940,9.880766
-0.178286,3.433114,8.113115
-0.379676,3.927530,7.070472
-1.025470,4.050264,6.794029
-1.287000,4.479429,6.843942
-1.090853,5.110147,7.142735
-0.102088,5.033294,8.983766
-0.285257,6.359230,11.450398
-0.286765,7.241383,7.255148
-0.682500,6.345530,8.786470
-1.763914,4.409228,10.596861
0.058500,2.087647,6.867440
1.399412,1.938529,10.221443
-0.571629,3.764057,9.166113
1.477412,2.389323,8.664881
1.131000,1.902970,8.606382
1.178914,2.451428,8.607860
1.771059,2.260853,8.844972
1.451030,2.229882,9.450617
2.287628,2.021314,10.449772
3.237000,2.666912,11.141380
1.997029,2.367529,12.656645
0.528171,0.067971,10.989090
-2.977764,1.892647,10.664206
-0.783774,3.621968,10.113580
-0.182382,3.579971,9.038823
-0.697412,3.792177,6.914471
-1.060800,4.080515,6.330257
-1.359265,3.967676,6.553144
-1.322559,5.006910,6.928235
-0.276343,5.883429,9.154971
-0.449647,6.632293,11.415532
-1.443000,7.869085,9.092572
-1.392529,4.776353,8.235884
-1.256029,2.814882,9.837178
1.191172,1.677000,8.936573
-0.836206,3.124588,9.181059
0.785735,2.650853,9.061764
1.347794,1.885765,8.458414
1.449686,2.303228,8.622343
2.112882,2.173677,8.547882
2.235618,2.302147,9.107647
1.453028,2.433601,10.326083
3.121146,2.578588,10.541470
2.353765,3.042000,11.362764
1.352743,0.679714,11.926200
-2.529265,1.377618,10.965881
-1.264059,3.934412,10.937204
-0.524829,3.102172,9.733287
-0.888971,3.172765,7.133560
-1.063323,4.125971,6.429266
-1.420714,4.407000,6.157543
-1.377618,5.024118,6.026647
-0.526500,5.703176,8.663735
-0.334286,7.083514,11.597485
-1.816941,7.965178,8.877090
-2.335543,4.043742,8.520942
-0.715765,3.590295,10.291410
1.328294,1.429235,8.873646
-0.626229,3.046457,9.137145
0.598765,2.551058,8.671767
1.720588,1.929353,8.312736
1.640229,2.332200,8.770543
1.716000,2.409970,8.633912
1.904118,2.182853,8.900026
1.160823,2.533853,10.414146
3.376285,2.615229,10.589059
3.177354,2.921558,10.777764
1.309941,1.475117,12.205853
-1.484228,-0.013371,10.937827
-2.309030,3.350559,10.866086
-0.354441,3.236999,10.087236
-0.855772,2.939486,8.007256
-0.894706,3.438884,6.873175
-1.270941,4.089265,6.693090
-1.314857,4.408114,6.564257
-0.992205,5.645822,7.406559
-0.136500,5.681384,10.489851
-1.039629,7.777714,10.213543
-1.608176,7.068174,7.280384
-1.202118,4.834853,9.556147
-0.650743,2.517171,9.283116
1.309941,1.869706,9.342793
-0.747686,3.175715,9.047999
0.901588,2.760971,8.757792
1.444148,2.145000,8.467588
1.109828,2.395715,8.630142
1.623088,2.260854,8.476768
2.243646,2.336559,8.910352
1.485343,2.490428,10.509943
4.304912,2.744912,10.893617
1.894941,3.011029,11.474029
0.975000,0.521912,11.670176
-2.207400,0.966086,10.772916
-1.844471,3.749736,10.703207
-0.134206,3.278294,9.543530
-1.071943,3.746228,7.697484
-1.072500,3.828882,7.013120
-1.447589,4.217735,6.413205
-0.930429,4.327885,6.625542
-0.942882,5.915382,7.692176
0.293647,6.061059,11.073706
-1.461943,8.025085,8.962202
-1.213588,6.702264,8.293236
-2.751794,3.752029,9.899117
-0.001114,2.276486,8.487514
0.663000,2.179412,9.719030
-0.570088,3.266824,9.124852
1.253572,2.546142,8.718171
1.200971,2.005059,8.331089
1.492324,2.336558,8.473324
2.196257,2.319943,8.520944
1.993588,2.159912,9.416207
1.925912,1.974088,10.601119
3.281572,3.216943,10.798542
2.384736,2.529264,11.889269
-0.245471,-0.074559,11.914501
-2.914972,2.206286,11.015828
-0.879794,3.405618,10.438235
-0.693971,2.642824,9.047999
-0.719828,3.690515,7.026686
-1.295030,4.361120,6.883501
-1.212441,4.416177,6.963795
-1.219028,4.836001,6.475114
-0.606938,5.683031,8.480062
-0.471441,6.327177,10.878704
-1.572257,7.276285,8.763858
-1.550823,5.692852,9.226940
-2.202353,3.974559,9.286587
1.362772,1.487572,8.899801
-0.519618,2.876824,9.559589
-0.010324,3.232412,9.114530
1.765029,1.981200,8.558830
1.498059,2.024559,8.667177
1.360412,2.415706,8.920677
2.385686,2.187343,8.854114
2.115176,2.379000,9.265941
1.416618,2.206941,10.375146
2.676515,2.912743,10.396286
2.656588,3.302383,10.541472
1.460829,1.126543,11.744574
-1.390235,0.778853,10.650441
-2.265441,4.220029,10.699764
-0.325765,3.703853,9.377205
-0.319800,3.268200,7.498028
-0.548294,3.886235,6.880057
-1.584088,4.072059,7.189764
-1.255800,4.620944,7.272943
-0.830471,5.365942,8.022530
0.115853,5.862618,9.569913
-0.519257,6.302399,9.936088
-1.389088,6.303088,6.972972
-1.473086,5.946943,10.057549
-1.207853,4.754560,9.237264
0.849971,1.714853,8.799092
0.457971,2.119372,9.629661
-0.378529,3.620118,8.894293
1.696500,2.678383,9.021619
1.275857,2.441400,8.507573
1.315677,2.778177,8.566235
2.003912,2.439795,8.694709
1.528800,2.185114,9.324343
2.015382,2.031441,10.312058
3.262235,2.833235,10.800707
2.412429,2.818029,12.098919
0.621706,0.332647,11.069120
-3.419383,2.158766,10.741059
-0.975000,3.992486,10.458686
-0.559765,3.187677,9.020470
-0.814411,3.705000,7.037204
-0.956647,4.164971,6.697676
-1.311514,4.023686,7.047857
-1.079382,5.201912,7.011971
-0.010324,5.325794,9.181057
-0.340971,6.350315,10.409659
-0.931412,6.828442,7.159939
-1.269794,5.716942,9.824561
-1.586743,4.282200,10.456455
1.173441,2.198911,7.836706
0.683647,2.617589,9.831441
0.075771,3.104401,8.993398
1.245706,1.744676,8.803676
1.391382,1.894941,9.035384
1.737171,2.418000,9.143829
1.930500,2.101411,9.167295
1.647176,2.388176,9.308386
1.946657,2.225229,9.731058
1.943117,2.686411,10.117060
2.660030,2.711647,9.891086
2.142772,1.863086,11.532858
-0.313147,0.714618,10.312058
-2.196618,3.678617,10.247823
-1.031829,4.770258,9.967285
-0.253500,3.576530,8.020238
-0.345265,4.486148,7.785088
-1.282412,4.301471,8.340267
-1.050772,4.560772,7.473516
-0.713471,5.071147,7.406559
-0.301676,5.449677,7.896355
0.226200,5.602630,8.702571
-0.110118,5.521940,8.777293
-1.223912,5.833942,9.628411
-1.276971,4.560771,8.697001
-0.214500,4.528588,9.541237
1.480853,2.598088,8.981470
0.620657,2.693228,9.374489
0.225971,3.172764,9.441441
0.963529,2.865353,9.548117
1.196743,2.608543,9.234085
0.954353,2.695589,9.386383
0.911912,2.677235,9.407027
1.041857,2.925000,9.263060
1.408588,2.859618,9.212031
1.206706,2.500588,9.337060
1.075286,2.707715,9.237429
1.485441,2.624470,9.225797
1.689617,2.647412,9.146648
